{"type":"FeatureCollection","meta":{"sourceSha256":"d49feaf70daea827e3eb4927a5eca7374b0b9bc54fbde7f81c9f9839412e643d","source":"lotes.geojson","note":"Agrupaciones geom\u00e9tricas de lotes del GIS; no son c\u00f3digos catastrales."},"features":[{"type":"Feature","geometry":{"type":"Polygon","coordinates":[[[-77.0175935,-12.1479807],[-77.0173523,-12.1474811],[-77.0173356,-12.1474886],[-77.0172733,-12.1473626],[-77.0173105,-12.1473481],[-77.017366,-12.1474812],[-77.0175138,-12.1477738],[-77.017609,-12.147971],[-77.0180539,-12.1477087],[-77.0180676,-12.1476697],[-77.017813,-12.1470146],[-77.0177761,-12.1469917],[-77.0163856,-12.1470836],[-77.0164047,-12.1472417],[-77.016486,-12.1475036],[-77.0164484,-12.1475154],[-77.0163794,-12.1472431],[-77.0163682,-12.1470848],[-77.0158545,-12.1471011],[-77.0158853,-12.1472015],[-77.0159207,-12.1472424],[-77.0159649,-12.1472822],[-77.0160501,-12.1473528],[-77.0161443,-12.1474696],[-77.0162147,-12.1475928],[-77.016317,-12.1478372],[-77.0166087,-12.1485287],[-77.0166432,-12.1485398],[-77.0172568,-12.1481792],[-77.0168946,-12.1474614],[-77.0169134,-12.1474541],[-77.0169597,-12.1475458],[-77.0169849,-12.1475349],[-77.017298,-12.1481553],[-77.0175935,-12.1479807]]]},"properties":{"id":"MZ-BAR-842C751764","scene":"mz_842c75","lots":["1134236","1134237","1134238","1134239","1134240","1134241","1134247","1134248","1134249","1134251","1134252","1134253","1134254","1134255","1134256","1134257","1134258","1134259","1134260","1134320","1134321","1134322","1134323","1134324","1134326","1134327","1134328","1134330","1134332","1134333","1134338","1134339","1134340","1134341","1134344","1134345","1134346","1134350","1134352","1134353","1134354","1134355","1134356","1134357","1134358","1134360","1134361","1134363","1134364","1134365","1134366","1134367","1134368","1134369","1134370","1134371","1134372","1134373","1134375","1134376","1134387","1134388","1134391","1134449","1134450","1134451","1134453","1134603","1134657","1134658","1134659","1134660","1134662","1134666","1134667","1137215","1137216","1137217","1137218","1137219","1137220","1137221","1137222","1137223","1137224","1137225","1137226","1137227","1137228","1137229","1137230","1137231","1137232","1137233"],"lotCount":94,"area_m2":23418.3,"perimeter_m":1092.7,"center":[-12.147764,-77.0166667],"groupingValid":true}},{"type":"Feature","geometry":{"type":"Polygon","coordinates":[[[-77.0182016,-12.1476177],[-77.019598,-12.1468009],[-77.0196124,-12.1467618],[-77.0194639,-12.1463652],[-77.0184555,-12.1467606],[-77.0184403,-12.1467958],[-77.0185172,-12.1469844],[-77.018538,-12.1470374],[-77.0180225,-12.1472372],[-77.018168,-12.1476061],[-77.0182016,-12.1476177]]]},"properties":{"id":"MZ-BAR-B6D00F62DD","scene":"mz_b6d00f","lots":["1134242","1134243","1134244","1134245","1134246","1134250","1134319","1134329","1134331","1134334","1134335","1134336","1134337","1134342","1134343","1134347","1134348","1134349","1134351","1134359","1134362","1134593","1134594","1134602","1134630","1134632","1134635","1134640","1134641","1134643","1134645","1134646","1134647","1134648","1134649","1134651","1134653","1134655","1134656","1134661","1134665","1134668"],"lotCount":42,"area_m2":9647.0,"perimeter_m":487.4,"center":[-12.1470043,-77.0188904],"groupingValid":true}},{"type":"Feature","geometry":{"type":"Polygon","coordinates":[[[-77.0180721,-12.1485219],[-77.0179119,-12.148116],[-77.0179983,-12.1480827],[-77.018166,-12.1484979],[-77.0183717,-12.1484454],[-77.0181075,-12.1477836],[-77.0180736,-12.147772],[-77.0173974,-12.1481689],[-77.0175554,-12.1484976],[-77.0175354,-12.1485085],[-77.017495,-12.1484326],[-77.0174107,-12.1484851],[-77.0173836,-12.1484418],[-77.0174745,-12.1483887],[-77.0173742,-12.1481826],[-77.0166458,-12.1486127],[-77.016763,-12.1488921],[-77.0171955,-12.1487296],[-77.0175359,-12.1486441],[-77.017537,-12.1486481],[-77.0180721,-12.1485219]]]},"properties":{"id":"MZ-BAR-E1F07B69E6","scene":"mz_e1f07b","lots":["1134261","1134262","1134263","1134264","1134265","1134266","1134267","1134374","1134386","1134389","1134390","1134392","1134393","1134394","1134395","1134396","1134397","1134398","1134399","1134400","1134401","1134402","1134403","1134404","1134405","1134406","1134407","1134408","1134409","1134410","1134411","1134412","1134413","1134414","1134415","1134416","1134417","1134418","1134419","1134420","1134421","1134422","1134423","1134424","1134425","1134426","1134452","1134454","1134455","1134456","1134595","1135239","1135240","1135241","1135242","1135243","1135244","1135245"],"lotCount":58,"area_m2":9378.9,"perimeter_m":679.6,"center":[-12.14832,-77.0177313],"groupingValid":true}},{"type":"Feature","geometry":{"type":"Polygon","coordinates":[[[-77.0207313,-12.1388804],[-77.0207618,-12.1385859],[-77.0207433,-12.138564],[-77.0201737,-12.1385167],[-77.0201629,-12.1385253],[-77.0201052,-12.1388358],[-77.020113,-12.1388448],[-77.0207165,-12.1388901],[-77.0207313,-12.1388804]]]},"properties":{"id":"MZ-BAR-840703040F","scene":"mz_840703","lots":["1134268","1134278","1134478","1134479","1134574","1135419","1135420","1135421","1135422","1135423","1135424","1135425"],"lotCount":12,"area_m2":2435.3,"perimeter_m":203.7,"center":[-12.1387252,-77.0204365],"groupingValid":true}},{"type":"Feature","geometry":{"type":"Polygon","coordinates":[[[-77.0199239,-12.1392142],[-77.0201905,-12.1377973],[-77.0199439,-12.1377505],[-77.0196708,-12.139194],[-77.0199239,-12.1392142]]]},"properties":{"id":"MZ-BAR-6E9ADF2CBB","scene":"mz_6e9adf","lots":["1134269","1134271","1134275","1134276","1134279","1134280","1134284","1134285","1134289","1134291","1134294","1134296","1134304","1134475","1134476","1134480","1134481","1134550","1134553","1134604","1135062","1135064","1135067","1135068","1135072","1135077","1135083","1135085","1135092","1135093","1135101","1135106","1135108","1135110","1135116","1135117","1135122"],"lotCount":37,"area_m2":4412.6,"perimeter_m":376.9,"center":[-12.138488,-77.0199324],"groupingValid":true}},{"type":"Feature","geometry":{"type":"Polygon","coordinates":[[[-77.0161227,-12.1398148],[-77.0172321,-12.1388425],[-77.0172378,-12.138799],[-77.0166319,-12.1382012],[-77.016592,-12.1381998],[-77.0155122,-12.1391278],[-77.0161227,-12.1398148]]]},"properties":{"id":"MZ-BAR-B6C7A258BA","scene":"mz_b6c7a2","lots":["1134270","1134272","1134273","1134283","1134288","1134297","1134468","1134483","1134600","1134601","1134615","1134826","1134828","1134830","1135109","1135118","1135120","1135121","1135123","1135124","1135158","1135159","1135160","1135161","1135162"],"lotCount":25,"area_m2":16250.9,"perimeter_m":521.4,"center":[-12.1389638,-77.0163982],"groupingValid":true}},{"type":"Feature","geometry":{"type":"Polygon","coordinates":[[[-77.0195931,-12.1391849],[-77.0199147,-12.1374994],[-77.0199953,-12.1375294],[-77.0199662,-12.137673],[-77.0200366,-12.1376866],[-77.0202591,-12.1377274],[-77.0204087,-12.1372738],[-77.0203967,-12.1372513],[-77.0196225,-12.1370096],[-77.0194094,-12.1376678],[-77.0196664,-12.1377407],[-77.0196595,-12.1377618],[-77.0194028,-12.137683],[-77.0189302,-12.1391293],[-77.0195931,-12.1391849]]]},"properties":{"id":"MZ-BAR-A7D30A89AA","scene":"mz_a7d30a","lots":["1134274","1134277","1134282","1134465","1134541","1135056","1135065","1135191","1135192","1135193","1135194","1135195","1135196","1135197","1135198","1135199","1135200","1135201","1135202","1135203","1135204","1135205","1135206","1135207","1135208","1135209","1135210","1135211","1135212","1135213","1135214","1135215","1135216","1135217","1135218","1135219","1135220","1135221","1135222","1135223","1135897","1135898","1135899","1135900","1135901","1135902","1135903","1135904","1135905","1135906","1135907","1135908","1135909","1137149"],"lotCount":54,"area_m2":15843.8,"perimeter_m":769.6,"center":[-12.1380971,-77.019534],"groupingValid":true}},{"type":"Feature","geometry":{"type":"Polygon","coordinates":[[[-77.0208205,-12.1392857],[-77.0212123,-12.1393167],[-77.021276,-12.138635],[-77.0212511,-12.1386053],[-77.0208712,-12.1385745],[-77.0208614,-12.1385821],[-77.0208037,-12.1392655],[-77.0208205,-12.1392857]]]},"properties":{"id":"MZ-BAR-B4CDCC251E","scene":"mz_b4cdcc","lots":["1134281","1134287","1134293","1134302","1134477","1134573","1134827","1135395","1135396","1135397","1135398","1135399","1135400","1135401","1135402"],"lotCount":15,"area_m2":3552.6,"perimeter_m":244.4,"center":[-12.1389736,-77.0210364],"groupingValid":true}},{"type":"Feature","geometry":{"type":"Polygon","coordinates":[[[-77.0207032,-12.1392608],[-77.0207268,-12.1389668],[-77.0207228,-12.1389618],[-77.020098,-12.1389087],[-77.020088,-12.1389167],[-77.0200377,-12.1392103],[-77.0200453,-12.1392198],[-77.0206878,-12.1392727],[-77.0207032,-12.1392608]]]},"properties":{"id":"MZ-BAR-F0144C7165","scene":"mz_f0144c","lots":["1134286","1134290","1134295","1134298","1134299","1134300","1134301","1134303","1134325","1134484","1134575","1135426","1135427","1135428","1135429"],"lotCount":15,"area_m2":2468.4,"perimeter_m":209.6,"center":[-12.1390851,-77.0203881],"groupingValid":true}},{"type":"Feature","geometry":{"type":"Polygon","coordinates":[[[-77.0219268,-12.1393792],[-77.0219451,-12.1390947],[-77.021971,-12.1390969],[-77.0219505,-12.1393812],[-77.0220961,-12.1393929],[-77.0221102,-12.1393752],[-77.0221347,-12.1391231],[-77.0221565,-12.1391258],[-77.0221498,-12.1391958],[-77.0222583,-12.1392037],[-77.0222994,-12.1387142],[-77.0222739,-12.1386906],[-77.0216054,-12.1386353],[-77.0215888,-12.1388537],[-77.0215641,-12.1388524],[-77.0215856,-12.1386336],[-77.0214195,-12.1386199],[-77.0213952,-12.13864],[-77.0213373,-12.1393075],[-77.0213579,-12.1393322],[-77.0214863,-12.1393432],[-77.0215217,-12.1389379],[-77.021572,-12.1389421],[-77.0215427,-12.1393292],[-77.0215598,-12.1393489],[-77.0219268,-12.1393792]]]},"properties":{"id":"MZ-BAR-AA99532276","scene":"mz_aa9953","lots":["1134292","1134485","1134486","1134576","1134829","1134831","1135403","1135404","1135405","1135406","1135407","1135408","1135409","1135410","1135411","1135412","1135413","1135414","1135415","1135416","1135417","1135418","1135867","1135868","1135869","1135870","1135871","1135872","1135873","1135874","1137165","1137166","1137167","1137168","1137169"],"lotCount":35,"area_m2":7065.2,"perimeter_m":566.5,"center":[-12.1389739,-77.0219236],"groupingValid":true}},{"type":"Feature","geometry":{"type":"Polygon","coordinates":[[[-77.0186726,-12.145906],[-77.0190909,-12.1454505],[-77.0188448,-12.1447925],[-77.0188151,-12.1447854],[-77.0185175,-12.1450575],[-77.0187733,-12.1453601],[-77.0187587,-12.1453721],[-77.0187439,-12.1453541],[-77.0186394,-12.14546],[-77.0185983,-12.1454156],[-77.0186576,-12.145361],[-77.0187075,-12.1453123],[-77.0185002,-12.1450709],[-77.0184477,-12.1451219],[-77.0182076,-12.1453411],[-77.0182056,-12.1453795],[-77.0186726,-12.145906]]]},"properties":{"id":"MZ-BAR-C4070BFE06","scene":"mz_c4070b","lots":["1134305","1134306","1134307","1134308","1134309","1134377","1134378","1134379","1134380","1134381","1134382","1134383","1134448","1134886","1135237","1135238","1135875","1135876","1135877","1135878","1135879","1135880","1135881","1135882","1135883","1135884","1135885","1135886","1135887","1135888","1135889","1135890","1135891","1135892","1135893","1135894","1135895","1135896"],"lotCount":38,"area_m2":6077.4,"perimeter_m":440.9,"center":[-12.1453447,-77.0184417],"groupingValid":true}},{"type":"Feature","geometry":{"type":"Polygon","coordinates":[[[-77.0198147,-12.1414722],[-77.0206022,-12.1413365],[-77.0206384,-12.141312],[-77.0204762,-12.1410019],[-77.0203958,-12.1408799],[-77.0203189,-12.1409195],[-77.0202384,-12.1409505],[-77.0201388,-12.1409835],[-77.0200371,-12.1410079],[-77.0199387,-12.1410202],[-77.0198401,-12.1410455],[-77.0197045,-12.1411047],[-77.0196967,-12.1411296],[-77.0197083,-12.1411516],[-77.0197387,-12.1412169],[-77.0197422,-12.1412253],[-77.0197495,-12.1412478],[-77.0197673,-12.1413149],[-77.0197765,-12.1413561],[-77.0197827,-12.1413894],[-77.0197936,-12.1414577],[-77.0198147,-12.1414722]]]},"properties":{"id":"MZ-BAR-CF43E9F5FB","scene":"mz_cf43e9","lots":["1134310","1134579","1134873","1134875","1134876","1134877","1134878","1134880","1134882","1135499","1135500","1135501","1135502","1135503","1135504"],"lotCount":15,"area_m2":4155.2,"perimeter_m":270.0,"center":[-12.1411817,-77.0201464],"groupingValid":true}},{"type":"Feature","geometry":{"type":"Polygon","coordinates":[[[-77.0179984,-12.1416138],[-77.0180168,-12.1416091],[-77.0180421,-12.1414655],[-77.0183069,-12.1406411],[-77.0182949,-12.1406186],[-77.0179657,-12.1405131],[-77.0179296,-12.1410452],[-77.0179998,-12.1410505],[-77.0179694,-12.1414023],[-77.0179139,-12.1414039],[-77.0179984,-12.1416138]]]},"properties":{"id":"MZ-BAR-C07DAD7C98","scene":"mz_c07dad","lots":["1134311","1134312","1134496","1137199"],"lotCount":4,"area_m2":2545.8,"perimeter_m":291.1,"center":[-12.1411537,-77.0180666],"groupingValid":true}},{"type":"Feature","geometry":{"type":"Polygon","coordinates":[[[-77.0183018,-12.146405],[-77.0186243,-12.14597],[-77.0181484,-12.1454357],[-77.0181116,-12.1454354],[-77.0175435,-12.1460428],[-77.017535,-12.1460881],[-77.0176607,-12.1463995],[-77.0176565,-12.1464012],[-77.0177358,-12.1466018],[-77.0177712,-12.1466168],[-77.0180193,-12.1465184],[-77.0179305,-12.1462983],[-77.0178838,-12.146239],[-77.0180101,-12.1461646],[-77.0180415,-12.1461452],[-77.0180537,-12.1461597],[-77.0179971,-12.1461968],[-77.0179269,-12.1462373],[-77.018038,-12.1465108],[-77.0183018,-12.146405]]]},"properties":{"id":"MZ-BAR-30D582F631","scene":"mz_30d582","lots":["1134313","1134384","1134584","1134590","1134592","1134887","1134890","1134892","1134894","1134895","1134899","1134903","1134905","1134906","1134909","1135910","1135911","1135912","1135913","1135914","1135915","1135916","1135917","1135918","1135919","1135920","1135921","1135922","1135923","1135924","1135925","1135926","1135927","1135928","1135929","1135930","1135931","1135932","1135933","1135934","1135935","1135936","1135937","1135938","1135939","1135940","1135941","1135942","1135943","1135944","1135945","1135946","1135947"],"lotCount":53,"area_m2":8693.9,"perimeter_m":469.8,"center":[-12.1460191,-77.0180764],"groupingValid":true}},{"type":"Feature","geometry":{"type":"Polygon","coordinates":[[[-77.018417,-12.1466807],[-77.0193881,-12.1462991],[-77.0194042,-12.1462634],[-77.0191379,-12.1455457],[-77.0189323,-12.1457624],[-77.0185328,-12.146237],[-77.0183379,-12.1464965],[-77.0183316,-12.1465435],[-77.0183813,-12.1466651],[-77.018417,-12.1466807]]]},"properties":{"id":"MZ-BAR-6AE1608804","scene":"mz_6ae160","lots":["1134314","1134315","1134317","1134385","1134580","1134581","1134582","1134583","1134588","1134591","1134619","1134620","1134621","1134627","1134629","1134888","1134889","1134893","1134901","1134907","1134908","1137188"],"lotCount":22,"area_m2":6700.4,"perimeter_m":363.4,"center":[-12.1461256,-77.0189882],"groupingValid":true}},{"type":"Feature","geometry":{"type":"Polygon","coordinates":[[[-77.0162968,-12.1469765],[-77.0177491,-12.1468693],[-77.0174639,-12.1461303],[-77.0171726,-12.1460612],[-77.0170848,-12.14615],[-77.0171041,-12.1461797],[-77.0171265,-12.146305],[-77.0171498,-12.1465873],[-77.0171263,-12.1465902],[-77.017107,-12.1463468],[-77.0170852,-12.1461905],[-77.0170626,-12.1461702],[-77.016294,-12.1469522],[-77.0162968,-12.1469765]]]},"properties":{"id":"MZ-BAR-9B1D6FF360","scene":"mz_9b1d6f","lots":["1134316","1134318","1134585","1134586","1134587","1134589","1134618","1134622","1134623","1134624","1134625","1134626","1134628","1134631","1134633","1134634","1134637","1134638","1134639","1134642","1134644","1134650","1134652","1134663","1134664","1134896","1134897","1134898","1134900","1134902","1134904","1135950","1135951","1135952","1135953","1135954","1135955","1135956","1135957","1135958","1135959","1135960","1135961","1135962","1135963","1135964","1135965","1135966","1135967","1135968","1135969","1135970","1135971","1135972","1135973","1135974","1135975","1135976","1135977","1135978","1135979"],"lotCount":61,"area_m2":8650.0,"perimeter_m":515.1,"center":[-12.1465142,-77.0173776],"groupingValid":true}},{"type":"Feature","geometry":{"type":"Polygon","coordinates":[[[-77.017248,-12.1499208],[-77.0180837,-12.1495418],[-77.0180972,-12.1495056],[-77.0179155,-12.1491243],[-77.017636,-12.1492488],[-77.0176216,-12.1492185],[-77.0179009,-12.1490941],[-77.0177276,-12.1487271],[-77.017689,-12.1487081],[-77.0173776,-12.1487833],[-77.0168095,-12.1490156],[-77.0172118,-12.1499075],[-77.017248,-12.1499208]]]},"properties":{"id":"MZ-BAR-C27C169129","scene":"mz_c27c16","lots":["1134427","1134428","1134429","1134430","1134431","1134432","1134433","1134434","1134435","1134436","1134437","1134438","1134439","1134440","1134441","1134442","1134443","1134457","1134596","1134605","1134607","1135246","1135247","1135248","1135249","1135250","1135251","1135252","1135253","1135254","1135255","1135256","1135257","1135258","1135259","1135260","1135261","1137159","1137160","1137161","1137162","1137163","1137164"],"lotCount":43,"area_m2":11210.5,"perimeter_m":485.0,"center":[-12.149304,-77.0174704],"groupingValid":true}},{"type":"Feature","geometry":{"type":"Polygon","coordinates":[[[-77.0181856,-12.1507086],[-77.0185873,-12.1505215],[-77.0185999,-12.1504859],[-77.0182041,-12.1496996],[-77.018021,-12.1497822],[-77.0181397,-12.1500237],[-77.0181159,-12.1500348],[-77.0179979,-12.1497945],[-77.0173087,-12.1501032],[-77.0176959,-12.1509359],[-77.0181567,-12.1507218],[-77.0179949,-12.1503942],[-77.0180258,-12.1503805],[-77.0181856,-12.1507086]]]},"properties":{"id":"MZ-BAR-E939520C24","scene":"mz_e93952","lots":["1134444","1134445","1134446","1134447","1134458","1134459","1134471","1134472","1134473","1135262","1135263","1135264","1135265","1135266","1135267","1135268","1135269","1135270","1135271","1135272","1135273","1135274","1135275","1135276","1135277","1135278","1135279","1135280","1135980","1135981","1135982","1135983","1135984","1135985"],"lotCount":34,"area_m2":10710.1,"perimeter_m":557.1,"center":[-12.1503263,-77.0179659],"groupingValid":true}},{"type":"Feature","geometry":{"type":"Polygon","coordinates":[[[-77.0194453,-12.1536371],[-77.0194692,-12.1536092],[-77.0194818,-12.1535606],[-77.0192101,-12.1531632],[-77.0192294,-12.1530952],[-77.0195028,-12.1534994],[-77.0195278,-12.1533857],[-77.0195038,-12.1533633],[-77.0196031,-12.1528684],[-77.0194031,-12.1528331],[-77.0194072,-12.152815],[-77.0196064,-12.152852],[-77.0196347,-12.1527121],[-77.0186093,-12.152523],[-77.018467,-12.1526467],[-77.019244,-12.1536651],[-77.0192938,-12.1536376],[-77.0193371,-12.1537074],[-77.0193905,-12.1536719],[-77.0194453,-12.1536371]]]},"properties":{"id":"MZ-BAR-4E6FB898C3","scene":"mz_4e6fb8","lots":["1134460","1134461","1134498","1134499","1134500","1134501","1134502","1134554","1134555","1134556","1134609","1134610","1135306","1135307","1135308","1135309","1135310","1135311","1135312","1135313","1135314","1135315","1135316","1135317","1135318","1135319","1135320","1135321","1135322","1135323","1135324","1135325","1135326","1136005"],"lotCount":34,"area_m2":8645.0,"perimeter_m":562.9,"center":[-12.1531134,-77.0190244],"groupingValid":true}},{"type":"Feature","geometry":{"type":"Polygon","coordinates":[[[-77.0190184,-12.1326802],[-77.0190413,-12.1326354],[-77.0190719,-12.1325731],[-77.0191015,-12.132509],[-77.0191297,-12.1324461],[-77.0191858,-12.1323102],[-77.0191956,-12.1322784],[-77.0192034,-12.1322468],[-77.0192089,-12.132214],[-77.0192108,-12.1321891],[-77.0192132,-12.1321704],[-77.0192199,-12.1321483],[-77.0192256,-12.1321359],[-77.0192366,-12.1321183],[-77.019252,-12.1321012],[-77.0192666,-12.1320893],[-77.0192743,-12.1320841],[-77.0192866,-12.1320778],[-77.019304,-12.1320709],[-77.0193221,-12.1320663],[-77.0193682,-12.1320603],[-77.0193875,-12.1320596],[-77.0194598,-12.1319054],[-77.0190527,-12.1317028],[-77.0187178,-12.132361],[-77.0184171,-12.1331461],[-77.0187703,-12.1333204],[-77.0188328,-12.1331939],[-77.0188371,-12.1331843],[-77.0188404,-12.1331735],[-77.0188424,-12.1331634],[-77.0188434,-12.1331526],[-77.0188418,-12.1331306],[-77.0188394,-12.1331204],[-77.0188356,-12.1331103],[-77.0188263,-12.1330906],[-77.0188231,-12.133081],[-77.0188192,-12.1330607],[-77.0188199,-12.1330398],[-77.0188218,-12.1330296],[-77.0188249,-12.1330194],[-77.0188291,-12.1330098],[-77.0188345,-12.1330002],[-77.0188717,-12.1329406],[-77.0189077,-12.132881],[-77.0189425,-12.1328203],[-77.0189757,-12.1327608],[-77.0190184,-12.1326802]]]},"properties":{"id":"MZ-BAR-1EAE1AF041","scene":"mz_1eae1a","lots":["1134462","1134513","1134514","1134921","1134923","1134925","1134928","1134930","1134932","1134934","1134939","1134943","1134946","1134949","1134953","1134955","1135642","1135643","1135644","1135645","1135646","1135647","1135648","1135649","1135650","1135651","1135652","1135653","1135654","1135655","1135656","1135657","1135658","1135659"],"lotCount":34,"area_m2":7448.3,"perimeter_m":449.7,"center":[-12.1325347,-77.0188705],"groupingValid":true}},{"type":"Feature","geometry":{"type":"Polygon","coordinates":[[[-77.0193131,-12.1375638],[-77.0194997,-12.1369976],[-77.019488,-12.1369745],[-77.0186924,-12.1367092],[-77.0184266,-12.1372816],[-77.0184365,-12.1373036],[-77.0192899,-12.1375753],[-77.0193131,-12.1375638]]]},"properties":{"id":"MZ-BAR-3F5F09C10E","scene":"mz_3f5f09","lots":["1134463","1134525","1134526","1134527","1134532","1135017","1135021","1135022","1135023","1135024","1135026","1135027","1135028","1135031","1135036","1135040","1135042","1135986","1135987","1135988","1135989","1135990","1135991","1135992","1135993","1135994"],"lotCount":26,"area_m2":6875.0,"perimeter_m":333.0,"center":[-12.1371416,-77.0189717],"groupingValid":true}},{"type":"Feature","geometry":{"type":"Polygon","coordinates":[[[-77.0177054,-12.1388719],[-77.0177378,-12.1372155],[-77.0177178,-12.1371965],[-77.0176352,-12.1372795],[-77.0174727,-12.1374219],[-77.0174796,-12.1374298],[-77.0171358,-12.1377385],[-77.0170753,-12.1377886],[-77.0167054,-12.1381105],[-77.0173894,-12.1387912],[-77.0176832,-12.1388873],[-77.0177054,-12.1388719]]]},"properties":{"id":"MZ-BAR-5BC13C6307","scene":"mz_5bc13c","lots":["1134464","1134535","1134536","1134538","1134542","1134599","1134613","1135037","1135048","1135050","1135052","1135059","1135061","1135073","1135128","1135129"],"lotCount":16,"area_m2":11229.6,"perimeter_m":479.7,"center":[-12.1380128,-77.0172681],"groupingValid":true}},{"type":"Feature","geometry":{"type":"Polygon","coordinates":[[[-77.0190218,-12.1384722],[-77.0191135,-12.1381933],[-77.0188041,-12.1380956],[-77.0188094,-12.1380812],[-77.0191181,-12.1381783],[-77.0192651,-12.1377293],[-77.0192532,-12.1377068],[-77.0183823,-12.1374369],[-77.0181276,-12.1381895],[-77.0181401,-12.1382126],[-77.0189987,-12.1384837],[-77.0190218,-12.1384722]]]},"properties":{"id":"MZ-BAR-304D53A58F","scene":"mz_304d53","lots":["1134466","1134543","1134544","1134547","1134569","1135039","1135045","1135047","1135055","1135058","1135063","1135070","1135075","1135078","1135080","1135087","1135090","1135094","1135095","1135096","1135098","1135099","1135103","1135107","1135111","1135113","1135995","1135996","1135997","1135998","1135999","1136000","1136001","1136002"],"lotCount":34,"area_m2":9104.4,"perimeter_m":450.8,"center":[-12.1379579,-77.0186981],"groupingValid":true}},{"type":"Feature","geometry":{"type":"Polygon","coordinates":[[[-77.0207759,-12.1384441],[-77.0208223,-12.1378614],[-77.0209364,-12.1374177],[-77.020529,-12.1372964],[-77.0205059,-12.1373078],[-77.020373,-12.1377285],[-77.0202635,-12.138014],[-77.0202433,-12.1381226],[-77.02019,-12.1383986],[-77.0202048,-12.1384177],[-77.0203714,-12.1384312],[-77.0204418,-12.1384364],[-77.0204617,-12.1384198],[-77.0205193,-12.1377529],[-77.0205734,-12.1377683],[-77.0205169,-12.1384239],[-77.0205337,-12.1384436],[-77.020756,-12.1384606],[-77.0207759,-12.1384441]]]},"properties":{"id":"MZ-BAR-BC3D66FD23","scene":"mz_bc3d66","lots":["1134467","1134548","1134549","1134570","1134691","1134692","1134693","1134694","1134695","1134696","1134697","1134698","1134699","1134700","1134701","1134702","1135033","1135051","1135060","1135069","1135071","1135086","1135088","1135114","1135732","1135733","1135734","1135735","1135736","1135737","1135738","1135739","1135740","1135741","1135742"],"lotCount":35,"area_m2":6337.4,"perimeter_m":504.6,"center":[-12.137918,-77.0206891],"groupingValid":true}},{"type":"Feature","geometry":{"type":"Polygon","coordinates":[[[-77.0211918,-12.1396742],[-77.0212068,-12.1394934],[-77.0211906,-12.1394737],[-77.0208192,-12.1394437],[-77.0207995,-12.1394602],[-77.0207854,-12.1396405],[-77.0211918,-12.1396742]]]},"properties":{"id":"MZ-BAR-29AD712474","scene":"mz_29ad71","lots":["1134469","1134470","1134487","1134488","1134833","1134835"],"lotCount":6,"area_m2":976.6,"perimeter_m":130.7,"center":[-12.1395668,-77.0209959],"groupingValid":true}},{"type":"Feature","geometry":{"type":"Polygon","coordinates":[[[-77.0196394,-12.1526399],[-77.019762,-12.1519967],[-77.0197219,-12.1519866],[-77.0197359,-12.1519218],[-77.0196295,-12.1518587],[-77.0195848,-12.1518348],[-77.0194243,-12.151762],[-77.0193362,-12.1517174],[-77.0192292,-12.151621],[-77.0191977,-12.1515845],[-77.0186646,-12.1506287],[-77.0185398,-12.1506872],[-77.0177487,-12.1510624],[-77.0178423,-12.15126],[-77.0184602,-12.1525406],[-77.0186525,-12.1524607],[-77.0196285,-12.1526473],[-77.0196394,-12.1526399]]]},"properties":{"id":"MZ-BAR-CA1F4D0D62","scene":"mz_ca1f4d","lots":["1134474","1134497","1134608","1135281","1135282","1135283","1135284","1135285","1135286","1135287","1135288","1135289","1135290","1135291","1135292","1135293","1135294","1135295","1135296","1135297","1135298","1135299","1135300","1135301","1135302","1135303","1135304","1135305","1137210"],"lotCount":29,"area_m2":26476.9,"perimeter_m":699.1,"center":[-12.1516454,-77.0186409],"groupingValid":true}},{"type":"Feature","geometry":{"type":"Polygon","coordinates":[[[-77.0154319,-12.139048],[-77.0165085,-12.1381183],[-77.0165097,-12.1380816],[-77.0159356,-12.1375089],[-77.0148955,-12.1384113],[-77.0148932,-12.1384492],[-77.0154319,-12.139048]]]},"properties":{"id":"MZ-BAR-A57080500D","scene":"mz_a57080","lots":["1134482","1135074","1135084","1135130","1135131","1135132","1135133","1135134","1135135","1135136","1135137","1135138","1135139","1135140","1135141","1135142","1135143","1135144","1135145","1135146","1135147","1135148","1135149","1135150","1135151","1135152","1135153","1135154","1135155","1135156","1135157"],"lotCount":31,"area_m2":14325.8,"perimeter_m":492.7,"center":[-12.1382918,-77.0156704],"groupingValid":true}},{"type":"Feature","geometry":{"type":"Polygon","coordinates":[[[-77.0221688,-12.1402981],[-77.0222328,-12.1397243],[-77.022219,-12.1397178],[-77.0221909,-12.139701],[-77.0221587,-12.1396744],[-77.0221359,-12.1396487],[-77.022119,-12.1396233],[-77.022104,-12.1395929],[-77.0220955,-12.1395681],[-77.0220899,-12.1395434],[-77.0213482,-12.1394929],[-77.0213203,-12.1395111],[-77.0212562,-12.1402506],[-77.0221423,-12.1403232],[-77.0221688,-12.1402981]]]},"properties":{"id":"MZ-BAR-7AEDDEEC56","scene":"mz_7aedde","lots":["1134489","1134491","1134577","1134842","1134844","1134845","1134851","1134852","1134854","1134857","1135374","1135375","1135376","1135377","1135378","1135379","1135380","1135381","1135382","1135383","1135384","1135385","1135386","1135387","1135388","1135389","1135390","1135391","1135392"],"lotCount":29,"area_m2":8310.7,"perimeter_m":357.8,"center":[-12.1399242,-77.0217475],"groupingValid":true}},{"type":"Feature","geometry":{"type":"Polygon","coordinates":[[[-77.0211355,-12.1402207],[-77.0211778,-12.1397335],[-77.0207898,-12.139703],[-77.0207703,-12.1397173],[-77.0207309,-12.1401971],[-77.0207416,-12.14021],[-77.0211107,-12.1402407],[-77.0211355,-12.1402207]]]},"properties":{"id":"MZ-BAR-91870479EE","scene":"mz_918704","lots":["1134490","1134492","1134493","1134838","1134840","1134841","1134843","1134846","1134847","1134848","1134849","1134850","1135393","1135394"],"lotCount":14,"area_m2":2489.4,"perimeter_m":198.0,"center":[-12.1399978,-77.0209511],"groupingValid":true}},{"type":"Feature","geometry":{"type":"Polygon","coordinates":[[[-77.0193566,-12.1408308],[-77.0193859,-12.1408413],[-77.0194156,-12.140853],[-77.0194455,-12.1408669],[-77.0194697,-12.1408797],[-77.0194948,-12.1408953],[-77.019522,-12.1409166],[-77.0195477,-12.140939],[-77.01957,-12.1409597],[-77.0195882,-12.1409799],[-77.0201955,-12.1406637],[-77.0202178,-12.1406121],[-77.0197106,-12.1396985],[-77.0197229,-12.1396922],[-77.0197138,-12.1396629],[-77.0188362,-12.1393879],[-77.0188216,-12.1393954],[-77.0184535,-12.1405239],[-77.0184675,-12.1405498],[-77.0186709,-12.1406138],[-77.0187417,-12.1404133],[-77.0186485,-12.1403835],[-77.0186729,-12.1403071],[-77.0188737,-12.1403722],[-77.0188452,-12.140463],[-77.0187848,-12.1404437],[-77.0187258,-12.1406309],[-77.0193566,-12.1408308]]]},"properties":{"id":"MZ-BAR-ABFF646AB5","scene":"mz_abff64","lots":["1134494","1134495","1134617","1134834","1134836","1134837","1134853","1134855","1134856","1134859","1134860","1134861","1134862","1134863","1134865","1135505","1135506","1135507","1135508","1135509","1135510","1135511","1135512","1135513","1135514","1135515","1135516","1135517","1135518","1135519","1135520"],"lotCount":31,"area_m2":20137.9,"perimeter_m":668.6,"center":[-12.1401539,-77.0192666],"groupingValid":true}},{"type":"Feature","geometry":{"type":"Polygon","coordinates":[[[-77.018504,-12.1323819],[-77.0186406,-12.1320994],[-77.0190387,-12.1313099],[-77.01903,-12.1312958],[-77.0186697,-12.1312866],[-77.0184228,-12.1312793],[-77.0181724,-12.1312732],[-77.0181562,-12.131288],[-77.0180986,-12.1335898],[-77.0181198,-12.1335896],[-77.0182053,-12.133315],[-77.0182968,-12.1330432],[-77.0183243,-12.1329589],[-77.0182858,-12.132945],[-77.0184755,-12.1324511],[-77.018504,-12.1323819]]]},"properties":{"id":"MZ-BAR-B331D2344D","scene":"mz_b331d2","lots":["1134503","1134506","1134508","1134511","1134558","1134561","1134598","1134910","1134911","1134913","1134914","1134916","1134918","1134919","1134920","1134922","1134924","1134926","1134929","1134940","1134947","1134950","1135660","1135661","1135662","1135663","1135664","1135665","1135666","1135667","1135668","1135669","1135670","1135671","1135672","1135673","1135674","1135675","1135676","1135677","1135678","1135679","1135680"],"lotCount":43,"area_m2":11110.8,"perimeter_m":631.2,"center":[-12.132425,-77.0183072],"groupingValid":true}},{"type":"Feature","geometry":{"type":"Polygon","coordinates":[[[-77.0203022,-12.1331782],[-77.020628,-12.1325342],[-77.0206298,-12.1324935],[-77.0202784,-12.1319244],[-77.0202336,-12.1319236],[-77.0199531,-12.1324762],[-77.0202626,-12.1326355],[-77.0202417,-12.1326769],[-77.0201656,-12.1326373],[-77.0199288,-12.1325165],[-77.0198852,-12.1326096],[-77.0197429,-12.1328903],[-77.0197505,-12.1329043],[-77.0203022,-12.1331782]]]},"properties":{"id":"MZ-BAR-F76F6976F8","scene":"mz_f76f69","lots":["1134504","1134507","1134510","1134512","1134931","1134935","1134937","1134938","1134942","1134944","1134945","1135576","1135577","1135578","1135579","1135580","1135581","1135582","1135583","1135584","1135585","1135586","1135587","1135588","1135589","1135590","1135591"],"lotCount":27,"area_m2":6933.3,"perimeter_m":427.7,"center":[-12.1325462,-77.0203581],"groupingValid":true}},{"type":"Feature","geometry":{"type":"Polygon","coordinates":[[[-77.0192964,-12.1335056],[-77.0199783,-12.1321551],[-77.0195818,-12.1319534],[-77.0194955,-12.1321179],[-77.0195132,-12.1321438],[-77.0195194,-12.1321562],[-77.0195237,-12.1321673],[-77.0195279,-12.1321816],[-77.019531,-12.1321976],[-77.0195324,-12.1322208],[-77.0195313,-12.1322375],[-77.0195294,-12.1322491],[-77.0195255,-12.1322644],[-77.0195199,-12.1322793],[-77.0195121,-12.1322955],[-77.0195035,-12.1323091],[-77.019491,-12.1323246],[-77.0194791,-12.1323358],[-77.0194547,-12.1323518],[-77.0194363,-12.1323665],[-77.0194208,-12.1323808],[-77.019399,-12.1324051],[-77.0193862,-12.1324232],[-77.0193814,-12.1324323],[-77.0193735,-12.132451],[-77.0193653,-12.1324793],[-77.0191609,-12.1330033],[-77.0191271,-12.1330894],[-77.0191208,-12.1331038],[-77.0191099,-12.133124],[-77.0190905,-12.1331496],[-77.0190757,-12.1331644],[-77.0190595,-12.133178],[-77.0190355,-12.1331935],[-77.0190163,-12.1332026],[-77.0189963,-12.1332096],[-77.0189802,-12.1332136],[-77.0189164,-12.133322],[-77.0192964,-12.1335056]]]},"properties":{"id":"MZ-BAR-353FF4DC7B","scene":"mz_353ff4","lots":["1134505","1134509","1134559","1134560","1134562","1134563","1134933","1134936","1134941","1134948","1134951","1134952","1135614","1135615","1135616","1135617","1135618","1135619","1135620","1135621","1135622","1135623","1135624","1135625","1135626","1135627","1135628","1135629","1135630","1135631","1135632","1135633","1135634","1135635"],"lotCount":34,"area_m2":7041.6,"perimeter_m":437.6,"center":[-12.1327344,-77.0194759],"groupingValid":true}},{"type":"Feature","geometry":{"type":"Polygon","coordinates":[[[-77.0201929,-12.1338575],[-77.0209773,-12.1330508],[-77.0207265,-12.132642],[-77.0207113,-12.1326421],[-77.0203583,-12.1333383],[-77.0203246,-12.1333244],[-77.0203371,-12.1333001],[-77.019692,-12.1329833],[-77.0194104,-12.1335593],[-77.0200984,-12.1338943],[-77.020107,-12.1338977],[-77.020116,-12.1338999],[-77.0201251,-12.1339004],[-77.0201343,-12.1338997],[-77.0201432,-12.1338974],[-77.0201518,-12.133894],[-77.0201655,-12.1338837],[-77.0201929,-12.1338575]]]},"properties":{"id":"MZ-BAR-BF12708D67","scene":"mz_bf1270","lots":["1134515","1135544","1135545","1135546","1135547","1135548","1135549","1135550","1135551","1135552","1135553","1135554","1135555","1135556","1135557","1135558","1135559","1135560","1135561","1135562","1135563","1135564"],"lotCount":22,"area_m2":9788.6,"perimeter_m":515.9,"center":[-12.1332834,-77.0199208],"groupingValid":true}},{"type":"Feature","geometry":{"type":"Polygon","coordinates":[[[-77.019922,-12.1339582],[-77.0192491,-12.1339411],[-77.0192422,-12.1339384],[-77.0192354,-12.1339338],[-77.0192305,-12.1339286],[-77.0192275,-12.133924],[-77.0192251,-12.1339185],[-77.0192233,-12.1339075],[-77.0192241,-12.1339005],[-77.0192257,-12.133895],[-77.0193202,-12.1337041],[-77.0193279,-12.1336955],[-77.0193381,-12.1336891],[-77.0193477,-12.1336861],[-77.0193579,-12.1336854],[-77.0193708,-12.1336878],[-77.0198803,-12.1339389],[-77.019922,-12.1339582]]]},"properties":{"id":"MZ-BAR-816E9AFFE5","scene":"mz_816e9a","lots":["1134516"],"lotCount":1,"area_m2":1164.9,"perimeter_m":176.5,"center":[-12.1338006,-77.0194344],"groupingValid":true}},{"type":"Feature","geometry":{"type":"Polygon","coordinates":[[[-77.0219025,-12.1367704],[-77.021915,-12.1361405],[-77.0218979,-12.1361169],[-77.0213806,-12.1359586],[-77.0213116,-12.1359361],[-77.0212314,-12.1361869],[-77.0212141,-12.1361821],[-77.0212952,-12.13593],[-77.0210047,-12.1358388],[-77.0209759,-12.1358531],[-77.0207933,-12.1364227],[-77.0208053,-12.1364452],[-77.0218845,-12.136783],[-77.0219025,-12.1367704]]]},"properties":{"id":"MZ-BAR-EAC0B42420","scene":"mz_eac0b4","lots":["1134517","1134519","1134988","1134990","1134992","1134995","1134998","1135794","1135795","1135796","1135797","1135798","1135799","1135800","1135801","1135802","1135803","1135804","1135805","1135806","1135807","1135808","1135809","1135810"],"lotCount":24,"area_m2":8175.7,"perimeter_m":431.4,"center":[-12.1363116,-77.0213696],"groupingValid":true}},{"type":"Feature","geometry":{"type":"Polygon","coordinates":[[[-77.0203979,-12.1362172],[-77.0205367,-12.1357863],[-77.0205621,-12.1357189],[-77.020551,-12.1356964],[-77.0202615,-12.1356076],[-77.0201082,-12.135555],[-77.0200795,-12.1355682],[-77.0198907,-12.136139],[-77.0199026,-12.1361615],[-77.0203693,-12.1363078],[-77.0203979,-12.1362172]]]},"properties":{"id":"MZ-BAR-393BC5FBBC","scene":"mz_393bc5","lots":["1134518","1134976","1134978","1134983","1134989","1134991","1135761","1135762","1135763","1135764","1135765","1135766","1135767","1135768","1135769"],"lotCount":15,"area_m2":3867.2,"perimeter_m":247.9,"center":[-12.1359437,-77.0202207],"groupingValid":true}},{"type":"Feature","geometry":{"type":"Polygon","coordinates":[[[-77.0195469,-12.1368404],[-77.0197307,-12.1362798],[-77.0197224,-12.1362471],[-77.0190969,-12.1360472],[-77.0190731,-12.1360564],[-77.0187477,-12.1366039],[-77.0195232,-12.1368513],[-77.0195469,-12.1368404]]]},"properties":{"id":"MZ-BAR-F4857B3562","scene":"mz_f4857b","lots":["1134520","1134703","1134704","1134705","1134706","1134707","1134708","1134709","1134710","1134711","1134712","1134993","1134996","1134997","1135000","1135002","1135006","1135743","1135744","1135745"],"lotCount":20,"area_m2":5834.3,"perimeter_m":305.1,"center":[-12.1364772,-77.0192441],"groupingValid":true}},{"type":"Feature","geometry":{"type":"Polygon","coordinates":[[[-77.0204339,-12.1371125],[-77.0206194,-12.1365457],[-77.0206074,-12.1365232],[-77.019851,-12.1362836],[-77.0198278,-12.1362951],[-77.0196412,-12.1368658],[-77.0196532,-12.1368883],[-77.0204102,-12.1371257],[-77.0204339,-12.1371125]]]},"properties":{"id":"MZ-BAR-B3F79FC345","scene":"mz_b3f79f","lots":["1134521","1135746","1135747","1135748","1135749","1135750","1135751","1135752","1135753","1135754","1135755","1135756","1135757","1135758","1135759","1135760"],"lotCount":16,"area_m2":6343.2,"perimeter_m":316.6,"center":[-12.1366726,-77.0201411],"groupingValid":true}},{"type":"Feature","geometry":{"type":"Polygon","coordinates":[[[-77.0166222,-12.1380206],[-77.0172858,-12.1374419],[-77.0174013,-12.1373422],[-77.0177427,-12.1370505],[-77.0177496,-12.1368996],[-77.01775,-12.1368312],[-77.017764,-12.1364063],[-77.0177823,-12.1359453],[-77.0177656,-12.1359369],[-77.0160265,-12.1374318],[-77.0163133,-12.1377144],[-77.016471,-12.1378714],[-77.0166222,-12.1380206]]]},"properties":{"id":"MZ-BAR-CC6E76C822","scene":"mz_cc6e76","lots":["1134522","1134524","1134528","1134529","1134530","1134531","1134533","1134537","1134568","1134612","1134987","1135013","1135014","1135015","1135019","1135020","1135029","1135032","1135034","1135035","1135038","1135043","1135046","1135049","1135057"],"lotCount":25,"area_m2":18983.5,"perimeter_m":630.2,"center":[-12.136999,-77.0171349],"groupingValid":true}},{"type":"Feature","geometry":{"type":"Polygon","coordinates":[[[-77.0225329,-12.1369572],[-77.0226225,-12.1363555],[-77.0226086,-12.136333],[-77.0224207,-12.1362802],[-77.022385,-12.1362691],[-77.0222998,-12.1365364],[-77.0222845,-12.136532],[-77.0223549,-12.1363117],[-77.0223181,-12.1363001],[-77.0223333,-12.1362531],[-77.0220473,-12.1361643],[-77.0220293,-12.1361768],[-77.0220174,-12.1368096],[-77.0220301,-12.1368242],[-77.0225092,-12.1369715],[-77.0225329,-12.1369572]]]},"properties":{"id":"MZ-BAR-FD7E0473D4","scene":"mz_fd7e04","lots":["1134523","1134566","1134994","1134999","1135001","1135003","1135005","1135007","1135008","1135009","1135010","1135011","1135012","1135857","1135858","1135859","1135860","1135861","1135862","1135863","1135864","1135865","1135866"],"lotCount":23,"area_m2":4354.3,"perimeter_m":328.3,"center":[-12.1365827,-77.0223053],"groupingValid":true}},{"type":"Feature","geometry":{"type":"Polygon","coordinates":[[[-77.0224249,-12.1377332],[-77.0225093,-12.1371327],[-77.022498,-12.1371153],[-77.0220362,-12.1369695],[-77.0220113,-12.1369866],[-77.0219979,-12.1376041],[-77.0220162,-12.13763],[-77.022398,-12.1377503],[-77.0224249,-12.1377332]]]},"properties":{"id":"MZ-BAR-C440DB7CFC","scene":"mz_c440db","lots":["1134534","1134567","1135018","1135025","1135030","1135044","1135053","1135841","1135842","1135843","1135844","1135845","1135846","1135847","1135848","1135849","1135850","1135851","1135852","1135853","1135854","1135855","1135856"],"lotCount":23,"area_m2":3696.8,"perimeter_m":244.4,"center":[-12.1374165,-77.0222358],"groupingValid":true}},{"type":"Feature","geometry":{"type":"Polygon","coordinates":[[[-77.0218568,-12.1385321],[-77.0218645,-12.1381423],[-77.0216608,-12.1380834],[-77.021651,-12.1381168],[-77.0216096,-12.1381046],[-77.0216421,-12.1379971],[-77.0216832,-12.1380092],[-77.021672,-12.138046],[-77.0218653,-12.1381022],[-77.0218726,-12.1377344],[-77.0218555,-12.1377108],[-77.0210274,-12.1374519],[-77.0209539,-12.1376784],[-77.0209373,-12.1377604],[-77.0209186,-12.1379012],[-77.0208736,-12.1384563],[-77.0208887,-12.1384737],[-77.0212678,-12.1385037],[-77.0212878,-12.1384871],[-77.0213256,-12.1380615],[-77.0214218,-12.1380924],[-77.0214214,-12.1380834],[-77.0214459,-12.1380917],[-77.0214076,-12.1384964],[-77.0214244,-12.1385161],[-77.021838,-12.1385487],[-77.0218568,-12.1385321]]]},"properties":{"id":"MZ-BAR-94F8AF95BF","scene":"mz_94f8af","lots":["1134539","1134540","1134545","1134546","1134551","1134552","1134571","1134572","1135041","1135054","1135076","1135079","1135081","1135082","1135089","1135091","1135097","1135100","1135102","1135104","1135105","1135112","1135115","1135119","1135712","1135713","1135714","1135715","1135716","1135717","1135718","1135719","1135720","1135721","1135722","1135723","1135724","1135725","1135726","1135727","1135728","1135729","1135730","1135731"],"lotCount":44,"area_m2":9901.7,"perimeter_m":574.1,"center":[-12.1380012,-77.0212759],"groupingValid":true}},{"type":"Feature","geometry":{"type":"Polygon","coordinates":[[[-77.020169,-12.131762],[-77.0201676,-12.1317219],[-77.0200036,-12.1314503],[-77.0196544,-12.1316545],[-77.0196295,-12.1316275],[-77.019988,-12.1314244],[-77.0195778,-12.1307461],[-77.0195331,-12.1307538],[-77.0192844,-12.1312369],[-77.0191107,-12.1315726],[-77.0191204,-12.1315934],[-77.0197329,-12.1318968],[-77.0200256,-12.132041],[-77.020169,-12.131762]]]},"properties":{"id":"MZ-BAR-1B08559CF2","scene":"mz_1b0855","lots":["1134557","1134912","1134915","1134917","1135593","1135594","1135595","1135596","1135597","1135598","1135599","1135600","1135601","1135602","1135603","1135604","1135605","1135606","1135607","1135608","1135609","1135610","1135611","1135612","1135613","1136003"],"lotCount":26,"area_m2":8004.0,"perimeter_m":474.0,"center":[-12.131403,-77.0195851],"groupingValid":true}},{"type":"Feature","geometry":{"type":"Polygon","coordinates":[[[-77.0210359,-12.1357234],[-77.0218967,-12.1359893],[-77.0219121,-12.1359712],[-77.0219182,-12.135635],[-77.0219155,-12.1356198],[-77.0219008,-12.1356114],[-77.0211441,-12.135378],[-77.0211218,-12.1353883],[-77.0210244,-12.1356895],[-77.0210359,-12.1357234]]]},"properties":{"id":"MZ-BAR-83323AD9F7","scene":"mz_83323a","lots":["1134564","1134565","1134977","1134981","1134982","1134984","1135521","1135522","1135523","1135524","1135525","1135526","1135527","1135528","1135529","1135530","1135531","1135532","1135533","1135534"],"lotCount":20,"area_m2":3844.1,"perimeter_m":269.5,"center":[-12.1356622,-77.021475],"groupingValid":true}},{"type":"Feature","geometry":{"type":"Polygon","coordinates":[[[-77.0221208,-12.1410388],[-77.0221736,-12.1404328],[-77.0215714,-12.1403855],[-77.0215527,-12.1406582],[-77.021539,-12.1406572],[-77.0215576,-12.1403845],[-77.0212561,-12.1403608],[-77.0211806,-12.1412106],[-77.021197,-12.1412252],[-77.0221011,-12.1410604],[-77.0221208,-12.1410388]]]},"properties":{"id":"MZ-BAR-42124905C2","scene":"mz_421249","lots":["1134578","1134864","1134866","1134868","1134871","1134872","1134874","1135354","1135355","1135356","1135357","1135358","1135359","1135360","1135361","1135362","1135363","1135364","1135365","1135366","1135367","1135368","1135369","1135370","1135371","1135372","1135373","1135565","1135566","1135567","1135568","1135569","1135570","1135571","1135572","1135573","1135574","1135575"],"lotCount":38,"area_m2":8257.9,"perimeter_m":428.1,"center":[-12.1408052,-77.0216789],"groupingValid":true}},{"type":"Feature","geometry":{"type":"Polygon","coordinates":[[[-77.0180375,-12.1368619],[-77.0180127,-12.137732],[-77.0181181,-12.137734],[-77.0181791,-12.137559],[-77.0182094,-12.1374679],[-77.0182944,-12.1372492],[-77.0183384,-12.1371382],[-77.0183881,-12.1370344],[-77.0184745,-12.1368457],[-77.0185389,-12.136708],[-77.0187315,-12.1363603],[-77.0188698,-12.1359741],[-77.0188088,-12.1359152],[-77.0183474,-12.1360937],[-77.0182707,-12.1358931],[-77.0182309,-12.1359092],[-77.0181464,-12.1360014],[-77.0180697,-12.1359968],[-77.0180599,-12.1363742],[-77.0180505,-12.1363743],[-77.0180375,-12.1368619]]]},"properties":{"id":"MZ-BAR-B3F2F820D4","scene":"mz_b3f2f8","lots":["1134597","1134985","1135004","1135016","1135949"],"lotCount":5,"area_m2":9302.2,"perimeter_m":530.0,"center":[-12.1368107,-77.0182653],"groupingValid":true}},{"type":"Feature","geometry":{"type":"Polygon","coordinates":[[[-77.018472,-12.1337695],[-77.0188101,-12.1339372],[-77.0187626,-12.134037],[-77.0184193,-12.1338667],[-77.018472,-12.1337695]]]},"properties":{"id":"MZ-BAR-AEA4858355","scene":"mz_aea485","lots":["1134606"],"lotCount":1,"area_m2":506.1,"perimeter_m":107.5,"center":[-12.1339019,-77.0186147],"groupingValid":true}},{"type":"Feature","geometry":{"type":"Polygon","coordinates":[[[-77.0206286,-12.1364101],[-77.0205065,-12.1363703],[-77.0204614,-12.1362869],[-77.0206304,-12.135783],[-77.0207095,-12.1357462],[-77.0208464,-12.1357892],[-77.0208847,-12.135866],[-77.0207132,-12.1363658],[-77.0206286,-12.1364101]]]},"properties":{"id":"MZ-BAR-30372AED99","scene":"mz_30372a","lots":["1134611"],"lotCount":1,"area_m2":2003.2,"perimeter_m":186.6,"center":[-12.1360765,-77.0206722],"groupingValid":true}},{"type":"Feature","geometry":{"type":"Polygon","coordinates":[[[-77.0187726,-12.1392116],[-77.0189704,-12.1386074],[-77.0181072,-12.1383335],[-77.0180857,-12.1383455],[-77.0180351,-12.1385945],[-77.0179747,-12.1389591],[-77.0184687,-12.1391161],[-77.0187726,-12.1392116]]]},"properties":{"id":"MZ-BAR-8D39737AEB","scene":"mz_8d3973","lots":["1134614","1135224","1135225","1135226","1135227","1135228","1135229","1135230","1135231","1135232","1135233","1135234","1135235","1135236","1135592","1135636","1135637","1135638","1135639","1135640","1135641","1137201","1137202"],"lotCount":23,"area_m2":6770.2,"perimeter_m":331.9,"center":[-12.1387317,-77.0184713],"groupingValid":true}},{"type":"Feature","geometry":{"type":"Polygon","coordinates":[[[-77.0191148,-12.1393774],[-77.0191073,-12.1393741],[-77.0190915,-12.1393635],[-77.0190834,-12.1393545],[-77.0190793,-12.1393427],[-77.0190779,-12.139319],[-77.0190799,-12.1393105],[-77.0190838,-12.1393025],[-77.0190904,-12.1392923],[-77.0190998,-12.1392844],[-77.0191112,-12.1392775],[-77.0191238,-12.1392712],[-77.0191318,-12.1392689],[-77.0191404,-12.1392682],[-77.0195299,-12.1393027],[-77.0195383,-12.1393083],[-77.0195522,-12.1393206],[-77.0195594,-12.139329],[-77.0195652,-12.1393374],[-77.0195748,-12.1393549],[-77.0195848,-12.1393836],[-77.019584,-12.1394006],[-77.0195819,-12.1394158],[-77.0195782,-12.1394255],[-77.01957,-12.1394413],[-77.0195526,-12.1394618],[-77.0195358,-12.1394778],[-77.0195129,-12.1394886],[-77.0194874,-12.1394971],[-77.0191148,-12.1393774]]]},"properties":{"id":"MZ-BAR-B5BD952391","scene":"mz_b5bd95","lots":["1134616"],"lotCount":1,"area_m2":902.8,"perimeter_m":132.0,"center":[-12.1393816,-77.0193586],"groupingValid":true}},{"type":"Feature","geometry":{"type":"Polygon","coordinates":[[[-77.017838,-12.1467769],[-77.0179744,-12.1471033],[-77.0180355,-12.1471251],[-77.0183611,-12.1469964],[-77.0183933,-12.1469307],[-77.0182679,-12.1466148],[-77.0181985,-12.146582],[-77.017869,-12.1467078],[-77.017838,-12.1467769]]]},"properties":{"id":"MZ-BAR-15E1BF5ECE","scene":"mz_15e1bf","lots":["1134636","1134654"],"lotCount":2,"area_m2":2394.2,"perimeter_m":185.1,"center":[-12.1468523,-77.0181159],"groupingValid":true}},{"type":"Feature","geometry":{"type":"Polygon","coordinates":[[[-77.0226436,-12.1362158],[-77.0226951,-12.1358895],[-77.0226803,-12.1358659],[-77.0220533,-12.1356654],[-77.0220353,-12.135678],[-77.0220264,-12.1360175],[-77.0220435,-12.1360411],[-77.0222685,-12.1361135],[-77.0223255,-12.1361328],[-77.0224127,-12.1361599],[-77.0226233,-12.1362284],[-77.0226436,-12.1362158]]]},"properties":{"id":"MZ-BAR-043477E3C2","scene":"mz_043477","lots":["1134669","1134670","1134671","1134672","1134673","1134674","1134675","1134676","1134677","1134678","1134679","1135535","1135536","1135537","1137212","1137213"],"lotCount":16,"area_m2":2913.1,"perimeter_m":223.6,"center":[-12.1359671,-77.0223553],"groupingValid":true}},{"type":"Feature","geometry":{"type":"Polygon","coordinates":[[[-77.0211958,-12.1352624],[-77.0226701,-12.1357239],[-77.0226959,-12.1357119],[-77.0227085,-12.1356739],[-77.022721,-12.1356213],[-77.0227236,-12.1355439],[-77.022718,-12.1354829],[-77.0227034,-12.135422],[-77.022657,-12.1353094],[-77.0226167,-12.135256],[-77.0225562,-12.1351994],[-77.0224658,-12.1351261],[-77.022046,-12.1347953],[-77.0216931,-12.1345533],[-77.0215888,-12.134497],[-77.0215161,-12.1344597],[-77.0214533,-12.1344262],[-77.0213854,-12.1344002],[-77.021308,-12.1343742],[-77.0212292,-12.1343573],[-77.0211551,-12.134346],[-77.0210726,-12.1343398],[-77.0209807,-12.1343371],[-77.0209021,-12.1343421],[-77.0208092,-12.1343547],[-77.0207207,-12.1343745],[-77.0206207,-12.1344046],[-77.02051,-12.1344518],[-77.020424,-12.1345111],[-77.0202844,-12.1349443],[-77.0202944,-12.1349804],[-77.021052,-12.1352155],[-77.0210771,-12.1352012],[-77.0211742,-12.1349067],[-77.0212708,-12.1349619],[-77.021181,-12.1352337],[-77.0211958,-12.1352624]]]},"properties":{"id":"MZ-BAR-7B8684B45F","scene":"mz_7b8684","lots":["1134680","1134681","1134682","1134683","1134684","1134685","1134686","1134687","1134688","1134689","1134690","1134968","1135538","1135539","1135540","1135541","1135542","1137211"],"lotCount":18,"area_m2":20480.7,"perimeter_m":725.0,"center":[-12.1350322,-77.021794],"groupingValid":true}},{"type":"Feature","geometry":{"type":"Polygon","coordinates":[[[-77.0178271,-12.1456163],[-77.0174259,-12.14527],[-77.0174414,-12.145257],[-77.0178386,-12.1456043],[-77.0179113,-12.1455209],[-77.0175697,-12.145144],[-77.017586,-12.1451294],[-77.0179245,-12.1455093],[-77.018078,-12.1453548],[-77.0177334,-12.1449609],[-77.0176077,-12.1450494],[-77.0175608,-12.1449973],[-77.0172819,-12.1452488],[-77.0172614,-12.1452311],[-77.0174799,-12.1450394],[-77.0173087,-12.1448716],[-77.0170794,-12.1450732],[-77.0170663,-12.1450629],[-77.0173106,-12.144845],[-77.0174908,-12.1450188],[-77.0175597,-12.1449567],[-77.0176146,-12.1450153],[-77.0177139,-12.1449373],[-77.0172278,-12.1443906],[-77.0171506,-12.1444594],[-77.0171483,-12.1444467],[-77.0172204,-12.1443816],[-77.0171829,-12.1443398],[-77.0171504,-12.1443378],[-77.016582,-12.1448243],[-77.0165794,-12.144858],[-77.0167309,-12.1450274],[-77.0169363,-12.1448434],[-77.0169529,-12.1448586],[-77.0167479,-12.1450469],[-77.0175502,-12.1459301],[-77.017754,-12.1457044],[-77.0172164,-12.1452356],[-77.0172241,-12.1452277],[-77.0170805,-12.1451014],[-77.017089,-12.1450905],[-77.0177691,-12.145684],[-77.0178271,-12.1456163]]]},"properties":{"id":"MZ-BAR-116C346B20","scene":"mz_116c34","lots":["1134713","1134714","1134715","1134716","1134717","1134718","1134719","1134720","1134721","1134722","1134723","1134724","1134727","1134728","1134730","1134731","1134732","1134733","1134734","1134735","1134737","1134739","1134740","1134742","1134743","1134745","1134746","1134747","1134751","1134752","1134753","1134754","1134755","1134756","1136007","1136008","1136009","1136010","1136011","1136013","1136015","1136016","1136017","1136018","1136019","1136021","1136023","1136024","1136026","1136028","1136029","1136031","1136032","1136033","1136037","1136038","1136042","1136043","1136045","1136049","1136051","1136054","1136055","1136057","1136063","1136070","1136071","1136073","1136097","1136102","1136107","1136110","1136111","1136113","1136116","1136117","1136118","1136119","1136120","1136125","1136137","1136138","1136162","1136163","1136164","1136165","1136169","1136170","1136171","1136172","1136173","1136174","1136175","1136177","1136179","1136182","1136186","1136239","1136242","1136246","1136250","1136252","1136253","1136256","1136258","1136260","1136262","1136264","1136265","1136269","1136270","1136271","1136273","1136274","1136276","1136278","1136279","1136280","1136282","1136285","1136286","1136293"],"lotCount":122,"area_m2":12561.9,"perimeter_m":1246.8,"center":[-12.1451355,-77.0177388],"groupingValid":true}},{"type":"Feature","geometry":{"type":"Polygon","coordinates":[[[-77.0163594,-12.1456935],[-77.0167539,-12.1452059],[-77.0164887,-12.1449091],[-77.0160203,-12.1453167],[-77.0160195,-12.1453508],[-77.0163301,-12.1456943],[-77.0163594,-12.1456935]]]},"properties":{"id":"MZ-BAR-350ECD8A3D","scene":"mz_350ecd","lots":["1134725","1134741","1134748","1134750","1136030","1136034","1136035","1136058","1136064","1136104","1136105","1136115","1136122","1136124","1136166","1136168","1136176","1137182","1137183","1137184","1137185","1137186","1137187","1137206"],"lotCount":24,"area_m2":3512.8,"perimeter_m":238.6,"center":[-12.1452936,-77.0163645],"groupingValid":true}},{"type":"Feature","geometry":{"type":"Polygon","coordinates":[[[-77.0181533,-12.1453035],[-77.0184965,-12.1449864],[-77.018502,-12.1449513],[-77.0178151,-12.1437735],[-77.0172518,-12.1442566],[-77.0172495,-12.1442882],[-77.0181533,-12.1453035]]]},"properties":{"id":"MZ-BAR-E856221872","scene":"mz_e85622","lots":["1134726","1136014","1136025","1136059","1136065","1136088","1136089","1136098","1136136","1136214","1136215","1136217","1136218","1136222","1136224","1136226","1136230","1136234","1136259","1136266","1136272"],"lotCount":21,"area_m2":10354.3,"perimeter_m":439.6,"center":[-12.144533,-77.0178631],"groupingValid":true}},{"type":"Feature","geometry":{"type":"Polygon","coordinates":[[[-77.0153,-12.1457852],[-77.0158457,-12.1453203],[-77.0158477,-12.1452887],[-77.0154495,-12.144847],[-77.0154316,-12.1448471],[-77.0149231,-12.1452818],[-77.0149218,-12.1453016],[-77.0152747,-12.1457831],[-77.0153,-12.1457852]]]},"properties":{"id":"MZ-BAR-03594FA682","scene":"mz_03594f","lots":["1134729","1134736","1134738","1134744","1134749","1136012","1136022","1136027","1136036","1136041","1136048","1136066","1136072","1136099","1136100","1136101","1136103","1136106","1136108","1136109","1136112","1136114","1136123","1136181","1136275","1136283"],"lotCount":26,"area_m2":5491.9,"perimeter_m":293.3,"center":[-12.1453109,-77.0153888],"groupingValid":true}},{"type":"Feature","geometry":{"type":"Polygon","coordinates":[[[-77.0158494,-12.145982],[-77.0158648,-12.1459707],[-77.0160147,-12.1461091],[-77.0160753,-12.146041],[-77.0161083,-12.1460018],[-77.0162076,-12.1458802],[-77.016277,-12.1457916],[-77.0162758,-12.1457571],[-77.015953,-12.1453946],[-77.0159209,-12.1453926],[-77.015379,-12.1458614],[-77.0153749,-12.1458947],[-77.015745,-12.1463999],[-77.0157732,-12.1464008],[-77.0160053,-12.1461246],[-77.0159496,-12.1460765],[-77.0158494,-12.145982]]]},"properties":{"id":"MZ-BAR-102E7AD137","scene":"mz_102e7a","lots":["1134757","1134758","1134759","1136040","1136047","1136052","1136053","1136126","1136130","1136131","1136140","1136180","1136183","1136184","1136287","1136290","1136295","1136296","1136299","1136304","1136308","1136309","1136317","1136318","1136319"],"lotCount":25,"area_m2":5675.0,"perimeter_m":347.5,"center":[-12.1459065,-77.0157871],"groupingValid":true}},{"type":"Feature","geometry":{"type":"Polygon","coordinates":[[[-77.0171184,-12.1460375],[-77.0168192,-12.1457626],[-77.016832,-12.1457506],[-77.0171401,-12.1460255],[-77.017262,-12.1459524],[-77.0173028,-12.1459244],[-77.017329,-12.1458967],[-77.0173342,-12.1458723],[-77.0167985,-12.1452853],[-77.0167692,-12.1452861],[-77.0160304,-12.1462043],[-77.0153247,-12.1469946],[-77.0161643,-12.1469868],[-77.0163064,-12.1468408],[-77.0161021,-12.1466576],[-77.0161153,-12.146643],[-77.0163195,-12.1468281],[-77.0163728,-12.1467723],[-77.0163925,-12.1467547],[-77.0165449,-12.1465999],[-77.0165962,-12.146545],[-77.0166371,-12.1464998],[-77.0167547,-12.1463846],[-77.0165442,-12.1461606],[-77.0165605,-12.1461463],[-77.0167674,-12.14637],[-77.016828,-12.146312],[-77.0168748,-12.1462642],[-77.017005,-12.1461217],[-77.0171184,-12.1460375]]]},"properties":{"id":"MZ-BAR-87C641016C","scene":"mz_87c641","lots":["1134760","1136039","1136044","1136046","1136050","1136056","1136121","1136127","1136128","1136129","1136132","1136133","1136134","1136135","1136139","1136141","1136143","1136145","1136146","1136147","1136148","1136149","1136150","1136151","1136152","1136153","1136154","1136155","1136156","1136157","1136158","1136159","1136160","1136161","1136167","1136178","1136185","1136187","1136284","1136288","1136289","1136291","1136292","1136294","1136297","1136298","1136300","1136301","1136302","1136303","1136305","1136306","1136307","1136310","1136311","1136312","1136313","1136314","1136315","1136316","1137189","1137190","1137191","1137192","1137193","1137194","1137195","1137196","1137197","1137198","1137207"],"lotCount":71,"area_m2":15600.9,"perimeter_m":823.4,"center":[-12.1461358,-77.016539],"groupingValid":true}},{"type":"Feature","geometry":{"type":"Polygon","coordinates":[[[-77.0188517,-12.1491278],[-77.0189456,-12.1491229],[-77.0200434,-12.1479183],[-77.0196642,-12.1468556],[-77.0185433,-12.1475146],[-77.0187277,-12.1477954],[-77.0187584,-12.1478075],[-77.0188964,-12.1477279],[-77.0189461,-12.1478162],[-77.0190688,-12.1477464],[-77.0190915,-12.1477826],[-77.0189317,-12.1478736],[-77.018951,-12.1479106],[-77.0189276,-12.1479243],[-77.0189401,-12.1479474],[-77.018917,-12.1479605],[-77.0188966,-12.1479268],[-77.0188795,-12.1479371],[-77.0188779,-12.1479328],[-77.0188645,-12.1479097],[-77.0189112,-12.1478818],[-77.0188723,-12.147816],[-77.0187772,-12.1478736],[-77.0187645,-12.1478545],[-77.0187474,-12.1478309],[-77.0187359,-12.1478378],[-77.0185292,-12.1475229],[-77.0182038,-12.1477087],[-77.0184837,-12.14841],[-77.0186146,-12.1483422],[-77.0186223,-12.1483535],[-77.0184886,-12.1484222],[-77.0188517,-12.1491278]]]},"properties":{"id":"MZ-BAR-E0C81274CE","scene":"mz_e0c812","lots":["1134761","1134762","1134763","1134764","1134765","1134766","1134767","1134768","1134769","1134770","1134771","1134772","1134773","1134774","1134775","1134776","1134777","1134778","1134779","1136320","1136321","1136322","1136323","1136324","1136325","1136326","1136327","1136328","1136329","1136330","1136331","1136332","1136333","1136334","1136335","1136336","1136337","1136338","1136339","1136341","1136342","1136343","1136345","1136346","1136347","1136350","1136437","1136438","1136503","1136504","1136514","1136515","1136516","1136517","1136518","1136519","1136520","1136521","1136543","1136544","1136548","1137174","1137175","1137176","1137208","1137209","1137234"],"lotCount":67,"area_m2":26741.2,"perimeter_m":909.8,"center":[-12.1479897,-77.0191511],"groupingValid":true}},{"type":"Feature","geometry":{"type":"Polygon","coordinates":[[[-77.0139873,-12.1431127],[-77.0144652,-12.1426805],[-77.014467,-12.1426488],[-77.014218,-12.1423744],[-77.0138808,-12.1426864],[-77.013827,-12.142735],[-77.013811,-12.1427102],[-77.0138609,-12.1426657],[-77.0141993,-12.1423542],[-77.0141017,-12.1422468],[-77.0137976,-12.1425247],[-77.0137839,-12.1425024],[-77.013881,-12.1424113],[-77.0140846,-12.142228],[-77.0138814,-12.1420042],[-77.0138577,-12.1420072],[-77.0137335,-12.1421142],[-77.0135553,-12.1422714],[-77.0137105,-12.1425606],[-77.0138237,-12.1428106],[-77.0139873,-12.1431127]]]},"properties":{"id":"MZ-BAR-548CC4FF55","scene":"mz_548cc4","lots":["1134780","1134794","1134795","1134801","1136579","1136903","1136904","1136905","1136906","1136907","1136908","1136909","1136910","1136911","1136913","1136917","1136920","1136926","1136946","1136947"],"lotCount":20,"area_m2":5663.5,"perimeter_m":527.1,"center":[-12.1425565,-77.0142008],"groupingValid":true}},{"type":"Feature","geometry":{"type":"Polygon","coordinates":[[[-77.0168678,-12.1425086],[-77.0175553,-12.141897],[-77.0175456,-12.1418819],[-77.0175349,-12.1418583],[-77.0175213,-12.1418252],[-77.0175153,-12.1418077],[-77.0174997,-12.1417548],[-77.0174881,-12.1417007],[-77.0174856,-12.1416827],[-77.0174822,-12.1416471],[-77.0174811,-12.1416291],[-77.0174812,-12.1416104],[-77.0174821,-12.1415923],[-77.0174862,-12.1415561],[-77.0174926,-12.1415199],[-77.0174936,-12.1415086],[-77.0174917,-12.1414956],[-77.0174785,-12.1414749],[-77.0173215,-12.1413001],[-77.0166252,-12.1419004],[-77.0167872,-12.1420802],[-77.0167585,-12.1421049],[-77.0165963,-12.1419256],[-77.0164546,-12.1420483],[-77.0164532,-12.1420704],[-77.0168456,-12.1425071],[-77.0168678,-12.1425086]]]},"properties":{"id":"MZ-BAR-C2A9E09789","scene":"mz_c2a9e0","lots":["1134781","1134782","1134784","1134785","1134787","1134796","1134797","1134798","1134799","1134800","1136912","1136914","1136915","1136916","1136918","1136919","1136921","1136922","1136923","1136924","1136925","1136927","1136928","1136929","1136930","1136931","1136932","1136933","1136936","1136937","1136941","1136942","1136943","1137150","1137151","1137152","1137153","1137203","1137204","1137205"],"lotCount":40,"area_m2":7834.0,"perimeter_m":423.3,"center":[-12.1419112,-77.0170904],"groupingValid":true}},{"type":"Feature","geometry":{"type":"Polygon","coordinates":[[[-77.0135875,-12.1420622],[-77.0137803,-12.1418917],[-77.0136425,-12.1417422],[-77.0135085,-12.1415926],[-77.0133629,-12.1414336],[-77.0131656,-12.1412132],[-77.013091,-12.1411729],[-77.0130786,-12.1411789],[-77.0130385,-12.1411341],[-77.0130433,-12.1411207],[-77.0130472,-12.1410785],[-77.0128485,-12.1408625],[-77.0128092,-12.1408953],[-77.0135019,-12.1421355],[-77.0135875,-12.1420622]]]},"properties":{"id":"MZ-BAR-BF7A3ED947","scene":"mz_bf7a3e","lots":["1134783","1134786","1134788","1136934","1136935","1136938","1136939","1136940","1136944","1136945","1137063","1137147"],"lotCount":12,"area_m2":3465.0,"perimeter_m":359.2,"center":[-12.1414754,-77.0132671],"groupingValid":true}},{"type":"Feature","geometry":{"type":"Polygon","coordinates":[[[-77.0154684,-12.1447112],[-77.0159242,-12.1443176],[-77.0159297,-12.1442837],[-77.0156315,-12.1439531],[-77.0151524,-12.1443741],[-77.0154506,-12.1447114],[-77.0154684,-12.1447112]]]},"properties":{"id":"MZ-BAR-EE8FCDED31","scene":"mz_ee8fcd","lots":["1134789","1134790","1134791","1134792","1134793","1136889","1136890","1136891","1136892","1136893","1136894","1136895","1136896","1136897","1136898","1136899","1136900","1136901","1136902"],"lotCount":19,"area_m2":3573.3,"perimeter_m":240.1,"center":[-12.1443282,-77.0155585],"groupingValid":true}},{"type":"Feature","geometry":{"type":"Polygon","coordinates":[[[-77.0205687,-12.1467601],[-77.0207603,-12.1463955],[-77.0208272,-12.1462654],[-77.0207361,-12.1461929],[-77.0207051,-12.1462281],[-77.0206507,-12.1461797],[-77.0206986,-12.1461249],[-77.0208361,-12.1462469],[-77.0208673,-12.1461913],[-77.0206767,-12.1460052],[-77.0205941,-12.1460956],[-77.020407,-12.1459501],[-77.020509,-12.1458398],[-77.0204815,-12.1458106],[-77.0205413,-12.1457463],[-77.0205644,-12.1457693],[-77.0205205,-12.1458143],[-77.0208797,-12.1461675],[-77.0210464,-12.14585],[-77.0210667,-12.1458045],[-77.020561,-12.1452096],[-77.0197605,-12.1461333],[-77.0200379,-12.1464425],[-77.0201316,-12.1465051],[-77.0201887,-12.1464105],[-77.0202202,-12.146356],[-77.0203252,-12.1461946],[-77.0200913,-12.1460015],[-77.020158,-12.145931],[-77.0205394,-12.14634],[-77.020513,-12.1463815],[-77.0203591,-12.1462795],[-77.0201814,-12.1465439],[-77.0202929,-12.1466135],[-77.0205687,-12.1467601]]]},"properties":{"id":"MZ-BAR-44FE92A619","scene":"mz_44fe92","lots":["1134802","1134803","1134804","1134805","1134806","1134807","1134808","1134809","1134810","1134811","1134812","1134813","1134814","1134815","1134816","1138588","1138589","1138590","1138591","1138592","1138593","1138594","1138595","1138596","1138597","1138598","1138599","1138600","1138601","1138602","1138603","1138604","1138605","1138606","1138607","1138608","1138775","1138776","1138777","1138778","1138781","1138782","1138783","1138784","1138785","1138786","1138787","1138788","1138789","1138790","1138791","1138792","1138793","1138794","1138795","1138796","1138802","1138803","1138804","1138805","1138806","1138807","1138808","1138809","1138810","1138811","1138812","1138813","1138814","1138815","1138816","1138817","1138818","1138819","1138867","1138868","1138870"],"lotCount":77,"area_m2":11279.7,"perimeter_m":865.5,"center":[-12.1459834,-77.0208351],"groupingValid":true}},{"type":"Feature","geometry":{"type":"Polygon","coordinates":[[[-77.0205433,-12.145079],[-77.0213154,-12.1441785],[-77.0210015,-12.1439137],[-77.0204797,-12.144538],[-77.0205736,-12.1446122],[-77.0203292,-12.1449009],[-77.0205433,-12.145079]]]},"properties":{"id":"MZ-BAR-6DEA7DFA9C","scene":"mz_6dea7d","lots":["1134817","1134818","1134819","1134822","1138688","1139105"],"lotCount":6,"area_m2":5228.2,"perimeter_m":350.0,"center":[-12.1444619,-77.0208079],"groupingValid":true}},{"type":"Feature","geometry":{"type":"Polygon","coordinates":[[[-77.0201901,-12.1439872],[-77.0209772,-12.1430256],[-77.0209485,-12.1429151],[-77.0206894,-12.142899],[-77.0201241,-12.1429189],[-77.0196291,-12.1430988],[-77.0192147,-12.1432466],[-77.0192537,-12.1433597],[-77.0193729,-12.1432824],[-77.019377,-12.1432942],[-77.0192576,-12.1433711],[-77.0193385,-12.1436052],[-77.0193134,-12.1436262],[-77.0192998,-12.1435833],[-77.0192287,-12.1433832],[-77.0191809,-12.1434147],[-77.0191771,-12.1434046],[-77.0192251,-12.143373],[-77.0191846,-12.1432591],[-77.0185771,-12.1434815],[-77.0192112,-12.1451269],[-77.019243,-12.1451313],[-77.0201901,-12.1439872]]]},"properties":{"id":"MZ-BAR-4A4B79244A","scene":"mz_4a4b79","lots":["1134820","1134823","1138682","1138693","1138694","1138696","1138701","1138702","1138705","1138712","1138714","1138715","1138717","1138718","1138720","1138722","1138723","1138724","1138725","1138727","1138729","1138730","1138731","1138732","1138733","1138734","1138735","1138736","1138737","1138739","1138740","1138741","1138742","1138743","1138744","1138750","1138797","1138822","1138824","1138827","1138828","1138830","1138831","1138835","1138836","1138837","1138839","1138841","1138845","1138846","1138849","1138850","1138851","1138852","1138853","1138854","1138855","1138863","1139101"],"lotCount":59,"area_m2":30401.4,"perimeter_m":908.7,"center":[-12.1440542,-77.0194692],"groupingValid":true}},{"type":"Feature","geometry":{"type":"Polygon","coordinates":[[[-77.0204241,-12.144488],[-77.0209537,-12.1438679],[-77.0206299,-12.143603],[-77.0198649,-12.1445254],[-77.0200827,-12.1446995],[-77.0203331,-12.1444085],[-77.0204241,-12.144488]]]},"properties":{"id":"MZ-BAR-0097AFD205","scene":"mz_0097af","lots":["1134821","1134825","1138676","1138677","1138679","1138681","1138683","1138685","1138686","1138689","1138691","1138692","1138699","1138801","1138823","1138825","1138829","1139104"],"lotCount":18,"area_m2":5343.4,"perimeter_m":353.2,"center":[-12.1441539,-77.0204411],"groupingValid":true}},{"type":"Feature","geometry":{"type":"Polygon","coordinates":[[[-77.0217807,-12.1444486],[-77.0218097,-12.1444437],[-77.0218558,-12.1439885],[-77.0218859,-12.1437119],[-77.0218592,-12.1436991],[-77.0216075,-12.1439847],[-77.0214499,-12.1441624],[-77.0214506,-12.1441714],[-77.0216073,-12.144305],[-77.0217807,-12.1444486]]]},"properties":{"id":"MZ-BAR-3C4B5582EA","scene":"mz_3c4b55","lots":["1134824","1138678","1138680","1138684","1138826","1138866"],"lotCount":6,"area_m2":1894.4,"perimeter_m":204.0,"center":[-12.1440979,-77.0216754],"groupingValid":true}},{"type":"Feature","geometry":{"type":"Polygon","coordinates":[[[-77.0201413,-12.1401431],[-77.0201581,-12.1401291],[-77.0202172,-12.1394151],[-77.0202062,-12.1393998],[-77.0196887,-12.1393603],[-77.019672,-12.139387],[-77.0197517,-12.139531],[-77.0198637,-12.139729],[-77.0198496,-12.1397613],[-77.0199442,-12.1399358],[-77.0199743,-12.139935],[-77.020099,-12.1401428],[-77.0201413,-12.1401431]]]},"properties":{"id":"MZ-BAR-5A47C19BC2","scene":"mz_5a47c1","lots":["1134832","1134839","1135327","1135328","1135329","1135330","1135331","1135332","1135333","1135334","1135335"],"lotCount":11,"area_m2":2894.2,"perimeter_m":247.3,"center":[-12.1397482,-77.0200223],"groupingValid":true}},{"type":"Feature","geometry":{"type":"Polygon","coordinates":[[[-77.0207159,-12.141313],[-77.0201278,-12.1402721],[-77.0210986,-12.1403481],[-77.021122,-12.1403728],[-77.0211118,-12.140496],[-77.0210467,-12.1412302],[-77.0210297,-12.1412558],[-77.0207159,-12.141313]]]},"properties":{"id":"MZ-BAR-34D3726F7F","scene":"mz_34d372","lots":["1134858"],"lotCount":1,"area_m2":7726.3,"perimeter_m":374.9,"center":[-12.1408654,-77.0207717],"groupingValid":true}},{"type":"Feature","geometry":{"type":"Polygon","coordinates":[[[-77.0202121,-12.1406735],[-77.0202985,-12.1408209],[-77.0201709,-12.1408766],[-77.0201084,-12.1408974],[-77.0200457,-12.1409125],[-77.0199055,-12.1409316],[-77.0198384,-12.1409474],[-77.0197674,-12.1409693],[-77.019719,-12.1409923],[-77.0196411,-12.1410395],[-77.0196111,-12.1409881],[-77.0202121,-12.1406735]]]},"properties":{"id":"MZ-BAR-B2A6417BBC","scene":"mz_b2a641","lots":["1134867"],"lotCount":1,"area_m2":891.2,"perimeter_m":175.7,"center":[-12.1408501,-77.0200535],"groupingValid":true}},{"type":"Feature","geometry":{"type":"Polygon","coordinates":[[[-77.0183777,-12.1413842],[-77.0185537,-12.141439],[-77.0185326,-12.141506],[-77.0183463,-12.1414807],[-77.0183777,-12.1413842]]]},"properties":{"id":"MZ-BAR-EE9131EC9E","scene":"mz_ee9131","lots":["1134869"],"lotCount":1,"area_m2":191.0,"perimeter_m":59.5,"center":[-12.1414598,-77.0184501],"groupingValid":true}},{"type":"Feature","geometry":{"type":"Polygon","coordinates":[[[-77.0186859,-12.1416773],[-77.0196536,-12.1414969],[-77.0196687,-12.1414753],[-77.0196582,-12.1414149],[-77.0196412,-12.1413365],[-77.0196265,-12.1412841],[-77.0196066,-12.141234],[-77.019581,-12.1411867],[-77.0195519,-12.1411406],[-77.0195203,-12.1410962],[-77.0194855,-12.1410541],[-77.0194396,-12.1410104],[-77.0193879,-12.1409735],[-77.0188512,-12.1407898],[-77.0186325,-12.1414641],[-77.0186155,-12.1414935],[-77.0185875,-12.1415102],[-77.0185353,-12.1415154],[-77.0183342,-12.1414882],[-77.0183689,-12.1413815],[-77.0181891,-12.1413255],[-77.018091,-12.1416901],[-77.0181037,-12.1417047],[-77.0186896,-12.1416282],[-77.0187063,-12.1416439],[-77.0186859,-12.1416773]]]},"properties":{"id":"MZ-BAR-55AE8CEAB3","scene":"mz_55ae8c","lots":["1134870","1134879","1134884","1134885","1135472","1135473","1135474","1135475","1135476","1135477","1135478","1135479","1135480","1135481","1135482","1135483","1135484","1135485","1135486","1135487","1135488","1135489","1135490","1135491","1135492","1135493","1135494","1135495","1135496","1135497","1135498"],"lotCount":31,"area_m2":8688.3,"perimeter_m":498.8,"center":[-12.1412475,-77.0191562],"groupingValid":true}},{"type":"Feature","geometry":{"type":"Polygon","coordinates":[[[-77.0179212,-12.1410683],[-77.0179819,-12.1410733],[-77.0179592,-12.1413368],[-77.0179238,-12.1413364],[-77.0179069,-12.1413052],[-77.0179212,-12.1410683]]]},"properties":{"id":"MZ-BAR-85AC1ECCE5","scene":"mz_85ac1e","lots":["1134881"],"lotCount":1,"area_m2":181.0,"perimeter_m":69.9,"center":[-12.1411893,-77.0179429],"groupingValid":true}},{"type":"Feature","geometry":{"type":"Polygon","coordinates":[[[-77.0177661,-12.1412858],[-77.0177716,-12.1412871],[-77.0177751,-12.1412911],[-77.017785,-12.1413303],[-77.0177987,-12.1413734],[-77.0178081,-12.1413989],[-77.0178184,-12.141424],[-77.0178381,-12.1414658],[-77.017838,-12.1414676],[-77.0178364,-12.1414689],[-77.017835,-12.1414689],[-77.0178246,-12.1414625],[-77.0178164,-12.1414585],[-77.0178078,-12.1414551],[-77.017799,-12.1414525],[-77.0177809,-12.1414496],[-77.0177718,-12.1414492],[-77.0177535,-12.1414508],[-77.0177358,-12.1414555],[-77.0177183,-12.1414631],[-77.017715,-12.1414623],[-77.0177132,-12.1414602],[-77.0177132,-12.1414568],[-77.0177288,-12.1414047],[-77.0177411,-12.1413612],[-77.017759,-12.1412911],[-77.0177618,-12.1412875],[-77.0177661,-12.1412858]]]},"properties":{"id":"MZ-BAR-57F58B2F7C","scene":"mz_57f58b","lots":["1134883"],"lotCount":1,"area_m2":125.5,"perimeter_m":56.9,"center":[-12.141376,-77.0177682],"groupingValid":true}},{"type":"Feature","geometry":{"type":"Polygon","coordinates":[[[-77.0174359,-12.1460329],[-77.0174385,-12.1460412],[-77.0174385,-12.1460469],[-77.0174379,-12.146052],[-77.0174346,-12.1460597],[-77.0174301,-12.1460651],[-77.0174254,-12.1460687],[-77.0174187,-12.1460717],[-77.0174109,-12.1460729],[-77.0172775,-12.146042],[-77.0172717,-12.1460382],[-77.0172662,-12.1460332],[-77.0172594,-12.1460239],[-77.0172566,-12.1460156],[-77.0172564,-12.146004],[-77.0172575,-12.145999],[-77.0172606,-12.1459915],[-77.0172651,-12.1459852],[-77.017272,-12.145979],[-77.0173645,-12.1459301],[-77.017373,-12.1459289],[-77.0173774,-12.1459292],[-77.0173847,-12.1459311],[-77.0173885,-12.145933],[-77.0173948,-12.1459377],[-77.0173988,-12.1459423],[-77.0174359,-12.1460329]]]},"properties":{"id":"MZ-BAR-6F64C6DA46","scene":"mz_6f64c6","lots":["1134891"],"lotCount":1,"area_m2":208.2,"perimeter_m":56.0,"center":[-12.1460009,-77.0173397],"groupingValid":true}},{"type":"Feature","geometry":{"type":"Polygon","coordinates":[[[-77.0194447,-12.1322395],[-77.0194201,-12.1322871],[-77.0193951,-12.1323206],[-77.0193777,-12.1323411],[-77.0193495,-12.1323696],[-77.019331,-12.1323917],[-77.0193123,-12.1324218],[-77.0192891,-12.1324643],[-77.0192747,-12.1324949],[-77.0192598,-12.1325346],[-77.0191914,-12.1327221],[-77.0190986,-12.1329718],[-77.0190803,-12.1330166],[-77.0190414,-12.1330934],[-77.0190351,-12.1331023],[-77.0190264,-12.1331115],[-77.0190191,-12.1331174],[-77.0190093,-12.1331234],[-77.0189995,-12.1331277],[-77.0189892,-12.1331307],[-77.0189768,-12.1331326],[-77.0189649,-12.1331326],[-77.0189529,-12.1331308],[-77.0189409,-12.1331272],[-77.0189311,-12.1331226],[-77.0189209,-12.133116],[-77.0189139,-12.1331101],[-77.018908,-12.1331038],[-77.0189017,-12.1330954],[-77.0188962,-12.1330854],[-77.0188931,-12.1330774],[-77.0188907,-12.1330687],[-77.0188892,-12.1330586],[-77.0188889,-12.1330498],[-77.0188901,-12.1330383],[-77.018896,-12.133018],[-77.0189287,-12.1329375],[-77.0190194,-12.1327595],[-77.0190734,-12.1326654],[-77.0191065,-12.1326043],[-77.0191388,-12.1325415],[-77.0191697,-12.1324798],[-77.0192249,-12.1323613],[-77.0192315,-12.1323462],[-77.0192372,-12.1323306],[-77.0192475,-12.1322993],[-77.0192517,-12.1322836],[-77.0192586,-12.1322511],[-77.0192615,-12.1322263],[-77.0192647,-12.1322078],[-77.0192689,-12.1321949],[-77.0192778,-12.1321729],[-77.0192826,-12.1321648],[-77.019292,-12.132153],[-77.019299,-12.1321463],[-77.0193088,-12.132139],[-77.01932,-12.1321328],[-77.0193341,-12.1321277],[-77.0193494,-12.1321249],[-77.0193675,-12.1321249],[-77.0193824,-12.1321277],[-77.0193975,-12.1321333],[-77.0194124,-12.1321422],[-77.0194223,-12.1321507],[-77.0194333,-12.1321638],[-77.0194418,-12.1321795],[-77.0194465,-12.1321941],[-77.0194485,-12.1322084],[-77.0194479,-12.1322252],[-77.0194447,-12.1322395]]]},"properties":{"id":"MZ-BAR-DDD59FDC13","scene":"mz_ddd59f","lots":["1134927"],"lotCount":1,"area_m2":1803.0,"perimeter_m":264.0,"center":[-12.1326169,-77.0191647],"groupingValid":true}},{"type":"Feature","geometry":{"type":"Polygon","coordinates":[[[-77.0180617,-12.1358269],[-77.0180551,-12.1358232],[-77.0180517,-12.1358188],[-77.0180498,-12.1358116],[-77.0180502,-12.1358079],[-77.0180515,-12.1358043],[-77.0180538,-12.1358009],[-77.0180572,-12.135798],[-77.0180724,-12.1357902],[-77.0181575,-12.1357726],[-77.0182488,-12.1357517],[-77.0184164,-12.135731],[-77.0185354,-12.1357006],[-77.0186526,-12.1356566],[-77.0187058,-12.1356245],[-77.0187997,-12.1355612],[-77.0189137,-12.135479],[-77.0190332,-12.1353787],[-77.0191221,-12.1352961],[-77.019213,-12.1352091],[-77.0194541,-12.1349695],[-77.0198215,-12.1345968],[-77.0201409,-12.1342748],[-77.0203124,-12.1341029],[-77.0204491,-12.1339613],[-77.0206742,-12.1337354],[-77.0208209,-12.133584],[-77.0209601,-12.1334384],[-77.0211132,-12.1332639],[-77.0212145,-12.1331423],[-77.0212756,-12.1330656],[-77.0212799,-12.1330643],[-77.0212851,-12.1330638],[-77.0212898,-12.1330644],[-77.0212974,-12.1330676],[-77.0213013,-12.1330707],[-77.0213045,-12.1330748],[-77.0213071,-12.1330807],[-77.0213079,-12.1330856],[-77.0213071,-12.133093],[-77.0212875,-12.1331191],[-77.021205,-12.1332208],[-77.0211106,-12.1333311],[-77.0210195,-12.1334346],[-77.0208652,-12.1335995],[-77.0207102,-12.1337583],[-77.0203288,-12.134144],[-77.0201587,-12.134317],[-77.0192485,-12.1352365],[-77.0190906,-12.1353851],[-77.0189315,-12.1355184],[-77.0187371,-12.1356627],[-77.0186688,-12.1357073],[-77.0185816,-12.1357514],[-77.018508,-12.1357796],[-77.0184141,-12.1358052],[-77.0183048,-12.1358229],[-77.0181674,-12.1358313],[-77.0181243,-12.1358304],[-77.0180865,-12.1358313],[-77.0180617,-12.1358269]]]},"properties":{"id":"MZ-BAR-7277C81AD7","scene":"mz_7277c8","lots":["1134954"],"lotCount":1,"area_m2":2398.4,"perimeter_m":959.2,"center":[-12.1344637,-77.0199832],"groupingValid":true}},{"type":"Feature","geometry":{"type":"Polygon","coordinates":[[[-77.0198632,-12.1347609],[-77.0199758,-12.1346121],[-77.0200471,-12.13452],[-77.0201924,-12.1343738],[-77.0204767,-12.1340842],[-77.0206317,-12.1339283],[-77.0207619,-12.1337957],[-77.0209909,-12.1335602],[-77.0211147,-12.133426],[-77.0212564,-12.1332595],[-77.0213566,-12.1331373],[-77.0213645,-12.1331375],[-77.0213706,-12.1331393],[-77.0213786,-12.1331442],[-77.0213837,-12.1331503],[-77.0213859,-12.1331543],[-77.0213872,-12.1331581],[-77.021388,-12.1331647],[-77.0213579,-12.1332034],[-77.0212794,-12.1332983],[-77.0212071,-12.1333807],[-77.0211368,-12.1334625],[-77.0209762,-12.133636],[-77.0208968,-12.1337179],[-77.0207487,-12.1338687],[-77.0201308,-12.1344951],[-77.0199875,-12.1346414],[-77.0198632,-12.1347609]]]},"properties":{"id":"MZ-BAR-C1969C70FC","scene":"mz_c1969c","lots":["1134956"],"lotCount":1,"area_m2":1044.1,"perimeter_m":490.2,"center":[-12.1339773,-77.0206123],"groupingValid":true}},{"type":"Feature","geometry":{"type":"Polygon","coordinates":[[[-77.0186433,-12.1335937],[-77.0186891,-12.133503],[-77.0187145,-12.1334457],[-77.0187535,-12.1333652],[-77.0184044,-12.1331938],[-77.0182939,-12.1335087],[-77.0186083,-12.1336651],[-77.0186433,-12.1335937]]]},"properties":{"id":"MZ-BAR-716362E558","scene":"mz_716362","lots":["1134957","1134958","1135681","1135682","1135683","1135684"],"lotCount":6,"area_m2":1484.3,"perimeter_m":154.5,"center":[-12.133407,-77.0185315],"groupingValid":true}},{"type":"Feature","geometry":{"type":"Polygon","coordinates":[[[-77.0183851,-12.1353484],[-77.0192312,-12.1336171],[-77.01885,-12.1334335],[-77.0186579,-12.1338337],[-77.0188414,-12.1339227],[-77.0187704,-12.134065],[-77.0183971,-12.1338807],[-77.0184745,-12.1337434],[-77.0182594,-12.133637],[-77.0181494,-12.1338364],[-77.0180925,-12.1338948],[-77.0180848,-12.1343914],[-77.0180581,-12.1353067],[-77.0180953,-12.1353341],[-77.0181268,-12.1353588],[-77.0181595,-12.1353913],[-77.0181974,-12.1354356],[-77.0182213,-12.1354733],[-77.0182387,-12.1355025],[-77.0182945,-12.1354812],[-77.0183709,-12.1353338],[-77.0183851,-12.1353484]]]},"properties":{"id":"MZ-BAR-663C5E8D71","scene":"mz_663c5e","lots":["1134959","1134960","1134961","1134962","1134963","1134973","1135686","1135687","1135688","1135689","1135690","1135691","1135692","1135693","1135694","1135695","1135696","1135697","1135698"],"lotCount":19,"area_m2":14134.1,"perimeter_m":683.5,"center":[-12.1347485,-77.0183769],"groupingValid":true}},{"type":"Feature","geometry":{"type":"Polygon","coordinates":[[[-77.0190765,-12.1351804],[-77.0190742,-12.1351781],[-77.0190732,-12.1351743],[-77.019088,-12.1351371],[-77.0191018,-12.135094],[-77.0191124,-12.1350501],[-77.0191185,-12.1350144],[-77.0191224,-12.1349785],[-77.0191243,-12.1349424],[-77.0191239,-12.1349062],[-77.0191215,-12.1348702],[-77.0191169,-12.1348343],[-77.0191102,-12.1347988],[-77.0191014,-12.1347637],[-77.0190935,-12.1347377],[-77.0190811,-12.1347037],[-77.0190667,-12.1346704],[-77.0190504,-12.134638],[-77.0190369,-12.1346144],[-77.0190306,-12.1345974],[-77.0190252,-12.1345801],[-77.0190191,-12.1345537],[-77.0190163,-12.1345358],[-77.0190141,-12.1345088],[-77.0190139,-12.1344907],[-77.0190155,-12.1344637],[-77.0190195,-12.1344369],[-77.0190257,-12.1344105],[-77.019032,-12.134392],[-77.0190465,-12.1343588],[-77.0190634,-12.1343267],[-77.0190825,-12.1342958],[-77.0191038,-12.1342664],[-77.0191212,-12.1342453],[-77.0191396,-12.1342251],[-77.0191591,-12.134206],[-77.0191727,-12.1341938],[-77.0191866,-12.1341821],[-77.0192084,-12.1341654],[-77.0192234,-12.134155],[-77.0192465,-12.1341403],[-77.0192786,-12.1341226],[-77.0193034,-12.1341108],[-77.0193169,-12.1341054],[-77.0193427,-12.1340959],[-77.0193776,-12.1340845],[-77.0194307,-12.1340699],[-77.0194845,-12.1340583],[-77.0195298,-12.134051],[-77.0195846,-12.1340451],[-77.0196396,-12.1340424],[-77.0197184,-12.1340442],[-77.019801,-12.1340477],[-77.0198836,-12.1340526],[-77.0199628,-12.1340586],[-77.0199659,-12.1340623],[-77.0199665,-12.1340645],[-77.0199662,-12.1340678],[-77.0199637,-12.1340716],[-77.0199586,-12.1340735],[-77.0197126,-12.1340569],[-77.0196625,-12.1340553],[-77.0196166,-12.1340558],[-77.019563,-12.1340601],[-77.0195175,-12.1340662],[-77.0194724,-12.1340745],[-77.0194277,-12.1340849],[-77.0193836,-12.1340974],[-77.0193289,-12.134116],[-77.0193119,-12.134123],[-77.019287,-12.1341346],[-77.0192549,-12.1341521],[-77.0192394,-12.1341618],[-77.0192168,-12.1341773],[-77.0192023,-12.1341884],[-77.0191813,-12.1342059],[-77.0191678,-12.1342182],[-77.0191486,-12.1342376],[-77.0191305,-12.1342581],[-77.0191191,-12.1342722],[-77.0190979,-12.1343018],[-77.0190882,-12.1343171],[-77.0190747,-12.1343407],[-77.0190589,-12.1343734],[-77.0190456,-12.134407],[-77.0190373,-12.1344329],[-77.0190321,-12.1344611],[-77.0190303,-12.1344791],[-77.0190296,-12.1344971],[-77.0190307,-12.1345242],[-77.0190328,-12.1345421],[-77.0190361,-12.1345599],[-77.019043,-12.1345862],[-77.0190524,-12.1346117],[-77.0190599,-12.1346281],[-77.0190685,-12.1346441],[-77.019078,-12.1346596],[-77.0190885,-12.1346744],[-77.0191059,-12.1346954],[-77.0191252,-12.1347148],[-77.019139,-12.1347267],[-77.0191536,-12.1347377],[-77.0191766,-12.1347525],[-77.0191927,-12.1347612],[-77.0192093,-12.134769],[-77.0192351,-12.1347786],[-77.0192616,-12.1347859],[-77.0192887,-12.1347908],[-77.0193161,-12.1347932],[-77.0193437,-12.1347931],[-77.0193711,-12.1347905],[-77.0193998,-12.134783],[-77.0194345,-12.1347711],[-77.0194597,-12.1347603],[-77.0194922,-12.1347435],[-77.0195231,-12.134724],[-77.0195451,-12.1347077],[-77.0195592,-12.134696],[-77.0195793,-12.1346775],[-77.019592,-12.1346645],[-77.01961,-12.1346439],[-77.0196213,-12.1346296],[-77.0196253,-12.134628],[-77.0196285,-12.1346277],[-77.0196343,-12.1346296],[-77.0196384,-12.1346341],[-77.0196397,-12.1346401],[-77.0196384,-12.1346447],[-77.0192003,-12.1350881],[-77.0190843,-12.13518],[-77.0190801,-12.1351814],[-77.0190765,-12.1351804]]]},"properties":{"id":"MZ-BAR-F54469E1E2","scene":"mz_f54469","lots":["1134964"],"lotCount":1,"area_m2":1299.0,"perimeter_m":513.3,"center":[-12.134613,-77.0190447],"groupingValid":true}},{"type":"Feature","geometry":{"type":"Polygon","coordinates":[[[-77.0207851,-12.1341125],[-77.0208492,-12.1341164],[-77.0208858,-12.1341201],[-77.0209222,-12.1341248],[-77.0209856,-12.1341355],[-77.0210483,-12.1341493],[-77.0210838,-12.1341585],[-77.0211191,-12.1341687],[-77.02118,-12.134189],[-77.0212398,-12.1342122],[-77.0212984,-12.1342382],[-77.0213607,-12.1342689],[-77.0214341,-12.1343062],[-77.0215634,-12.1343749],[-77.0229349,-12.135135],[-77.0229261,-12.1351366],[-77.0215311,-12.1343699],[-77.0214177,-12.1343102],[-77.0212982,-12.1342507],[-77.0212397,-12.1342246],[-77.0211885,-12.1342045],[-77.0211364,-12.1341866],[-77.0210748,-12.1341685],[-77.0210392,-12.1341596],[-77.0210034,-12.1341516],[-77.0209674,-12.1341446],[-77.0209311,-12.1341386],[-77.0208947,-12.1341336],[-77.0208582,-12.1341297],[-77.0208216,-12.1341268],[-77.0207849,-12.1341249],[-77.0207815,-12.1341232],[-77.0207803,-12.1341216],[-77.0207795,-12.1341189],[-77.0207809,-12.1341147],[-77.0207851,-12.1341125]]]},"properties":{"id":"MZ-BAR-CBA03F7449","scene":"mz_cba03f","lots":["1134965"],"lotCount":1,"area_m2":275.6,"perimeter_m":525.4,"center":[-12.1347693,-77.0222666],"groupingValid":true}},{"type":"Feature","geometry":{"type":"Polygon","coordinates":[[[-77.019118,-12.1344294],[-77.0191247,-12.1344125],[-77.0191361,-12.1343878],[-77.0191445,-12.1343718],[-77.0191586,-12.1343485],[-77.0191688,-12.1343334],[-77.0191853,-12.1343117],[-77.0192032,-12.1342911],[-77.0192224,-12.1342717],[-77.0192429,-12.1342536],[-77.0192572,-12.1342422],[-77.0192719,-12.1342315],[-77.019295,-12.1342166],[-77.0193108,-12.1342075],[-77.0193354,-12.1341952],[-77.0193607,-12.1341844],[-77.0193866,-12.1341753],[-77.0194445,-12.1341575],[-77.0194891,-12.1341468],[-77.0195161,-12.1341417],[-77.0195434,-12.1341377],[-77.0195708,-12.1341348],[-77.0195983,-12.1341329],[-77.0196407,-12.1341321],[-77.0199852,-12.1341493],[-77.0197107,-12.1344476],[-77.0196665,-12.1344935],[-77.0196212,-12.1345384],[-77.0195947,-12.1345635],[-77.0194488,-12.1346868],[-77.0194243,-12.1346992],[-77.0194072,-12.1347057],[-77.0193806,-12.134713],[-77.0193534,-12.134717],[-77.0193259,-12.1347178],[-77.0193076,-12.1347165],[-77.0192894,-12.1347137],[-77.0192715,-12.1347095],[-77.0192541,-12.1347039],[-77.0192289,-12.1346929],[-77.0192052,-12.1346791],[-77.0191905,-12.1346683],[-77.0191767,-12.1346564],[-77.0191639,-12.1346434],[-77.0191522,-12.1346295],[-77.0191369,-12.1346069],[-77.0191283,-12.134591],[-77.019121,-12.1345744],[-77.0191127,-12.1345485],[-77.0191077,-12.1345219],[-77.0191062,-12.1345039],[-77.0191061,-12.1344858],[-77.0191075,-12.1344678],[-77.0191095,-12.1344551],[-77.019118,-12.1344294]]]},"properties":{"id":"MZ-BAR-94A1A0C5EA","scene":"mz_94a1a0","lots":["1134966"],"lotCount":1,"area_m2":3665.8,"perimeter_m":250.7,"center":[-12.1344251,-77.0194262],"groupingValid":true}},{"type":"Feature","geometry":{"type":"Polygon","coordinates":[[[-77.0205318,-12.1342584],[-77.0205502,-12.1342476],[-77.0205705,-12.1342385],[-77.0205946,-12.1342309],[-77.0206272,-12.134225],[-77.0206902,-12.1342171],[-77.0207655,-12.1342118],[-77.0208404,-12.134211],[-77.020929,-12.1342158],[-77.0210784,-12.1342389],[-77.0211701,-12.1342617],[-77.0212561,-12.1342902],[-77.021258,-12.134292],[-77.0212586,-12.1342946],[-77.0212573,-12.1342974],[-77.0212542,-12.1342987],[-77.0211808,-12.1342894],[-77.021135,-12.1342857],[-77.0210983,-12.1342839],[-77.0210339,-12.1342833],[-77.0209787,-12.1342854],[-77.0209145,-12.1342909],[-77.0208597,-12.1342982],[-77.0207935,-12.1343102],[-77.020733,-12.1343245],[-77.0207017,-12.1343331],[-77.0206654,-12.1343441],[-77.0206057,-12.134365],[-77.0205465,-12.134389],[-77.0204851,-12.1344178],[-77.020458,-12.1344317],[-77.0203994,-12.1344637],[-77.0203675,-12.1344838],[-77.0203438,-12.1345003],[-77.0203254,-12.1345142],[-77.0202999,-12.134535],[-77.0202824,-12.1345505],[-77.0202668,-12.1345347],[-77.0204945,-12.1342902],[-77.0205177,-12.1342686],[-77.0205318,-12.1342584]]]},"properties":{"id":"MZ-BAR-1F256F8345","scene":"mz_1f256f","lots":["1134967"],"lotCount":1,"area_m2":931.4,"perimeter_m":239.3,"center":[-12.1343816,-77.0204871],"groupingValid":true}},{"type":"Feature","geometry":{"type":"Polygon","coordinates":[[[-77.0180526,-12.1357099],[-77.0180695,-12.1354627],[-77.0181202,-12.1355076],[-77.0181085,-12.1355249],[-77.0181182,-12.1355405],[-77.0181315,-12.135557],[-77.0181448,-12.1355701],[-77.018159,-12.1355812],[-77.0181742,-12.1355906],[-77.0181961,-12.1356007],[-77.0182188,-12.1356075],[-77.0182426,-12.135611],[-77.0182729,-12.1356107],[-77.0183,-12.1356057],[-77.0183316,-12.1355938],[-77.0183538,-12.1355805],[-77.018372,-12.1355655],[-77.0183897,-12.1355458],[-77.0184074,-12.1355169],[-77.0184195,-12.1354815],[-77.0184748,-12.1354718],[-77.0188622,-12.1347088],[-77.0188522,-12.134721],[-77.018844,-12.1347245],[-77.0188357,-12.134725],[-77.018828,-12.1347231],[-77.018822,-12.1347195],[-77.0188194,-12.1347171],[-77.0188147,-12.1347101],[-77.0188138,-12.1347044],[-77.018939,-12.1344417],[-77.0189423,-12.1344382],[-77.0189481,-12.1344363],[-77.0189512,-12.1344365],[-77.0189553,-12.1344384],[-77.0189589,-12.1344427],[-77.0189598,-12.1344457],[-77.0189575,-12.1345156],[-77.0189627,-12.1345584],[-77.0189798,-12.1346159],[-77.0190005,-12.1346666],[-77.0190222,-12.1347162],[-77.0190365,-12.134744],[-77.0190484,-12.1347718],[-77.0190595,-12.1348038],[-77.0190699,-12.1348456],[-77.0190749,-12.1348763],[-77.019078,-12.1349152],[-77.0190775,-12.1349555],[-77.0190728,-12.1349992],[-77.0190611,-12.1350515],[-77.0190427,-12.1351032],[-77.0190267,-12.1351364],[-77.0190095,-12.135166],[-77.0189866,-12.1351986],[-77.0189596,-12.1352305],[-77.0189335,-12.1352562],[-77.0189089,-12.135277],[-77.0188808,-12.1352975],[-77.0187784,-12.1353625],[-77.0187042,-12.1354161],[-77.0186354,-12.1354635],[-77.0185617,-12.1355098],[-77.0184948,-12.1355487],[-77.0184045,-12.1355974],[-77.0182783,-12.1356576],[-77.0182491,-12.1356705],[-77.0182275,-12.1356788],[-77.0182031,-12.1356868],[-77.0181772,-12.1356939],[-77.0181442,-12.1357011],[-77.0181218,-12.1357047],[-77.0180968,-12.1357076],[-77.0180526,-12.1357099]]]},"properties":{"id":"MZ-BAR-32DBE1591E","scene":"mz_32dbe1","lots":["1134969"],"lotCount":1,"area_m2":3656.6,"perimeter_m":430.3,"center":[-12.1350787,-77.0188628],"groupingValid":true}},{"type":"Feature","geometry":{"type":"Polygon","coordinates":[[[-77.0202637,-12.1349334],[-77.0200216,-12.1348625],[-77.020182,-12.134702],[-77.0203105,-12.134582],[-77.0203919,-12.1345269],[-77.0202637,-12.1349334]]]},"properties":{"id":"MZ-BAR-16CB0270A9","scene":"mz_16cb02","lots":["1134970"],"lotCount":1,"area_m2":697.3,"perimeter_m":129.5,"center":[-12.1347815,-77.0202068],"groupingValid":true}},{"type":"Feature","geometry":{"type":"Polygon","coordinates":[[[-77.0227091,-12.1350987],[-77.0226598,-12.1350788],[-77.0224975,-12.1349918],[-77.0224474,-12.1349552],[-77.0227091,-12.1350987]]]},"properties":{"id":"MZ-BAR-07C594AE69","scene":"mz_07c594","lots":["1134971"],"lotCount":1,"area_m2":20.7,"perimeter_m":65.3,"center":[-12.1350352,-77.0225859],"groupingValid":true}},{"type":"Feature","geometry":{"type":"Polygon","coordinates":[[[-77.0199729,-12.1350136],[-77.0201159,-12.1350577],[-77.0201279,-12.1350802],[-77.0200232,-12.1353984],[-77.0200034,-12.1353997],[-77.0197177,-12.1353131],[-77.0197124,-12.1352945],[-77.0199729,-12.1350136]]]},"properties":{"id":"MZ-BAR-C362B0A9B4","scene":"mz_c362b0","lots":["1134972"],"lotCount":1,"area_m2":1088.2,"perimeter_m":135.1,"center":[-12.1351871,-77.019952],"groupingValid":true}},{"type":"Feature","geometry":{"type":"Polygon","coordinates":[[[-77.0229086,-12.135256],[-77.0229137,-12.1352613],[-77.0229179,-12.1352685],[-77.0229196,-12.1352734],[-77.0229206,-12.1352805],[-77.0229201,-12.1352878],[-77.0228903,-12.1353657],[-77.0228141,-12.1355525],[-77.0228106,-12.1355554],[-77.022808,-12.1355559],[-77.0228052,-12.1355555],[-77.0228029,-12.1355542],[-77.0228012,-12.1355521],[-77.0227987,-12.1355257],[-77.0227943,-12.1354948],[-77.0227877,-12.1354618],[-77.0227786,-12.1354267],[-77.0227695,-12.1353981],[-77.0227561,-12.1353631],[-77.0227409,-12.1353297],[-77.0227196,-12.13529],[-77.0226947,-12.135251],[-77.0226708,-12.1352189],[-77.0226606,-12.1352063],[-77.0226412,-12.1351844],[-77.0226158,-12.1351584],[-77.0225798,-12.1351263],[-77.0225417,-12.1350974],[-77.022509,-12.1350759],[-77.0224727,-12.1350554],[-77.0224694,-12.1350514],[-77.0224677,-12.1350471],[-77.0224678,-12.1350414],[-77.0224693,-12.1350375],[-77.0224721,-12.135034],[-77.0224758,-12.1350315],[-77.0224801,-12.1350303],[-77.0224851,-12.1350305],[-77.0229086,-12.135256]]]},"properties":{"id":"MZ-BAR-13FB65ECB9","scene":"mz_13fb65","lots":["1134974"],"lotCount":1,"area_m2":681.8,"perimeter_m":162.1,"center":[-12.1353092,-77.0228212],"groupingValid":true}},{"type":"Feature","geometry":{"type":"Polygon","coordinates":[[[-77.0179968,-12.135515],[-77.0179982,-12.1355094],[-77.0180028,-12.1355082],[-77.018006,-12.1355167],[-77.018007,-12.1356065],[-77.0180059,-12.1356133],[-77.018001,-12.1356133],[-77.0179989,-12.1356054],[-77.0179968,-12.135515]]]},"properties":{"id":"MZ-BAR-D6B99EE3B3","scene":"mz_d6b99e","lots":["1134975"],"lotCount":1,"area_m2":10.5,"perimeter_m":24.3,"center":[-12.135561,-77.0180022],"groupingValid":true}},{"type":"Feature","geometry":{"type":"Polygon","coordinates":[[[-77.0197891,-12.1361088],[-77.0199768,-12.1355386],[-77.0199628,-12.1355131],[-77.0196751,-12.1354227],[-77.0196,-12.1353979],[-77.0193608,-12.1356555],[-77.0191759,-12.1359082],[-77.0191867,-12.1359375],[-77.0197678,-12.1361194],[-77.0197891,-12.1361088]]]},"properties":{"id":"MZ-BAR-E415E4520E","scene":"mz_e415e4","lots":["1134979","1134980","1135770","1135771","1135772","1135773","1135774","1135775"],"lotCount":8,"area_m2":4126.3,"perimeter_m":256.5,"center":[-12.1357813,-77.0195823],"groupingValid":true}},{"type":"Feature","geometry":{"type":"Polygon","coordinates":[[[-77.0177743,-12.1412742],[-77.0177613,-12.1412726],[-77.0177714,-12.14105],[-77.0177751,-12.1409274],[-77.0177839,-12.1407223],[-77.0177986,-12.1401968],[-77.0178193,-12.13952],[-77.0178254,-12.1393352],[-77.0178411,-12.1389476],[-77.0178502,-12.1387035],[-77.0178589,-12.1384413],[-77.0178651,-12.1381978],[-77.0178741,-12.1369646],[-77.0178811,-12.136707],[-77.0178958,-12.1362183],[-77.0178976,-12.13612],[-77.0179029,-12.1361115],[-77.0179119,-12.136112],[-77.0179156,-12.1361187],[-77.017901,-12.1365278],[-77.0178856,-12.1370312],[-77.017882,-12.137556],[-77.0178828,-12.1377735],[-77.0178798,-12.1380198],[-77.0178777,-12.1382796],[-77.0178716,-12.138539],[-77.0178623,-12.138791],[-77.0178497,-12.1390537],[-77.017836,-12.1392939],[-77.0178034,-12.1404177],[-77.017795,-12.1406764],[-77.0177846,-12.1409279],[-77.0177807,-12.1410657],[-77.0177817,-12.1410753],[-77.0177804,-12.1410934],[-77.0177743,-12.1412742]]]},"properties":{"id":"MZ-BAR-DE12262EA3","scene":"mz_de1226","lots":["1134986"],"lotCount":1,"area_m2":779.2,"perimeter_m":1145.4,"center":[-12.1386212,-77.0178608],"groupingValid":true}},{"type":"Feature","geometry":{"type":"Polygon","coordinates":[[[-77.0180035,-12.1377532],[-77.0181172,-12.1377592],[-77.0179276,-12.1386301],[-77.0179158,-12.1386262],[-77.0180035,-12.1377532]]]},"properties":{"id":"MZ-BAR-371710C285","scene":"mz_371710","lots":["1135066"],"lotCount":1,"area_m2":667.1,"perimeter_m":209.4,"center":[-12.1381929,-77.0179911],"groupingValid":true}},{"type":"Feature","geometry":{"type":"Polygon","coordinates":[[[-77.0222819,-12.1393555],[-77.022285,-12.1393811],[-77.0222853,-12.1393992],[-77.0222839,-12.1394176],[-77.0222786,-12.1394248],[-77.022271,-12.1394299],[-77.022264,-12.1394319],[-77.0222456,-12.1394326],[-77.0222365,-12.1394321],[-77.0222183,-12.1394292],[-77.0222008,-12.1394238],[-77.0222009,-12.1394231],[-77.0222148,-12.1394151],[-77.0222263,-12.1394074],[-77.0222452,-12.1393927],[-77.0222567,-12.1393822],[-77.0222766,-12.1393609],[-77.0222809,-12.139355],[-77.0222819,-12.1393555]]]},"properties":{"id":"MZ-BAR-26CF18C1A8","scene":"mz_26cf18","lots":["1135125"],"lotCount":1,"area_m2":37.5,"perimeter_m":28.5,"center":[-12.1393959,-77.022263],"groupingValid":true}},{"type":"Feature","geometry":{"type":"Polygon","coordinates":[[[-77.0189123,-12.1393025],[-77.0189148,-12.1392968],[-77.0189175,-12.1392938],[-77.0189197,-12.1392926],[-77.0189287,-12.139291],[-77.0189561,-12.139288],[-77.0189927,-12.1392853],[-77.0190386,-12.1392839],[-77.0190467,-12.139284],[-77.0190473,-12.1392848],[-77.01904,-12.1392947],[-77.0190355,-12.1393026],[-77.0190322,-12.139311],[-77.0190299,-12.1393197],[-77.0190289,-12.1393287],[-77.0190291,-12.1393377],[-77.0190306,-12.1393466],[-77.0190329,-12.1393543],[-77.0190324,-12.1393551],[-77.0190063,-12.1393496],[-77.0189798,-12.1393422],[-77.0189624,-12.1393363],[-77.0189369,-12.1393261],[-77.0189203,-12.1393184],[-77.0189153,-12.1393153],[-77.0189134,-12.1393131],[-77.0189121,-12.1393089],[-77.0189123,-12.1393025]]]},"properties":{"id":"MZ-BAR-EA9E480143","scene":"mz_ea9e48","lots":["1135126"],"lotCount":1,"area_m2":74.2,"perimeter_m":38.8,"center":[-12.139319,-77.0189763],"groupingValid":true}},{"type":"Feature","geometry":{"type":"Polygon","coordinates":[[[-77.0190548,-12.1342715],[-77.0191869,-12.1340084],[-77.0192443,-12.1339777],[-77.0195769,-12.1339882],[-77.0195348,-12.1339939],[-77.0194987,-12.1340007],[-77.019463,-12.1340091],[-77.0194277,-12.1340192],[-77.019393,-12.1340309],[-77.0193504,-12.1340478],[-77.0193171,-12.1340631],[-77.0192846,-12.1340799],[-77.0192451,-12.134103],[-77.0192146,-12.1341232],[-77.0191851,-12.1341447],[-77.0191566,-12.1341676],[-77.0191293,-12.1341917],[-77.0191032,-12.1342172],[-77.0190783,-12.1342438],[-77.0190548,-12.1342715]]]},"properties":{"id":"MZ-BAR-5732237374","scene":"mz_573223","lots":["1135127"],"lotCount":1,"area_m2":384.3,"perimeter_m":142.4,"center":[-12.1341261,-77.0191692],"groupingValid":true}},{"type":"Feature","geometry":{"type":"Polygon","coordinates":[[[-77.0176584,-12.1412811],[-77.0177074,-12.1390143],[-77.0173701,-12.1389029],[-77.0162106,-12.1399264],[-77.0168974,-12.1406926],[-77.0168837,-12.1407045],[-77.0175103,-12.1414037],[-77.0176584,-12.1412811]]]},"properties":{"id":"MZ-BAR-2C5309CA98","scene":"mz_2c5309","lots":["1135163","1135164","1135165","1135166","1135167","1135168","1135169","1135170","1135171","1135172","1135173","1135174","1135175","1135176","1135177","1135178","1135179","1135180","1135181","1135182","1135183","1135184","1135185","1135186","1135187","1135188","1135189","1135190","1136004"],"lotCount":29,"area_m2":25288.5,"perimeter_m":698.4,"center":[-12.1402502,-77.0170928],"groupingValid":true}},{"type":"Feature","geometry":{"type":"Polygon","coordinates":[[[-77.0206271,-12.1401764],[-77.0206805,-12.139453],[-77.0206637,-12.1394333],[-77.0202634,-12.1394092],[-77.0202071,-12.1401399],[-77.0202242,-12.1401635],[-77.0204862,-12.1401831],[-77.0206074,-12.1401929],[-77.0206271,-12.1401764]]]},"properties":{"id":"MZ-BAR-2A9E45666A","scene":"mz_2a9e45","lots":["1135336","1135337","1135338","1135339","1135340","1135341","1135342","1135343","1135344","1135345","1135346","1135347","1135348","1135349","1135350","1135351","1135352","1135353","1136006"],"lotCount":19,"area_m2":3831.7,"perimeter_m":255.7,"center":[-12.13977,-77.0204464],"groupingValid":true}},{"type":"Feature","geometry":{"type":"Polygon","coordinates":[[[-77.01839,-12.1403907],[-77.0187216,-12.139367],[-77.0187097,-12.1393445],[-77.0179857,-12.139117],[-77.0179678,-12.1391296],[-77.0179447,-12.1403776],[-77.0182898,-12.1404931],[-77.0183307,-12.1403708],[-77.01839,-12.1403907]]]},"properties":{"id":"MZ-BAR-08A577AE98","scene":"mz_08a577","lots":["1135430","1135431","1135432","1135433","1135434","1135435","1135436","1135437","1135438","1135439","1135440","1135441","1135442","1135443","1135444","1135445","1135446","1135447","1135448","1135449","1135450","1135451","1135452"],"lotCount":23,"area_m2":8869.8,"perimeter_m":405.7,"center":[-12.1398173,-77.0182658],"groupingValid":true}},{"type":"Feature","geometry":{"type":"Polygon","coordinates":[[[-77.0185615,-12.1414142],[-77.0187659,-12.1407646],[-77.0184297,-12.1406602],[-77.0184069,-12.1406745],[-77.0182028,-12.1413001],[-77.0185615,-12.1414142]]]},"properties":{"id":"MZ-BAR-1D810D1998","scene":"mz_1d810d","lots":["1135453","1135454","1135455","1135456","1135457","1135458","1135459","1135460","1135461","1135462","1135463","1135464","1135465","1135466","1135467","1135468","1135469","1135470","1135471"],"lotCount":19,"area_m2":3050.3,"perimeter_m":230.3,"center":[-12.1410382,-77.018484],"groupingValid":true}},{"type":"Feature","geometry":{"type":"Polygon","coordinates":[[[-77.0209848,-12.1341017],[-77.0209164,-12.1340903],[-77.020918,-12.134079],[-77.0209485,-12.134081],[-77.0210674,-12.1340937],[-77.0211929,-12.1341007],[-77.0212161,-12.1341011],[-77.0213342,-12.1341087],[-77.0213551,-12.1341007],[-77.0213915,-12.1341688],[-77.0214324,-12.1342289],[-77.0214638,-12.1342639],[-77.0214649,-12.1342668],[-77.0214645,-12.1342694],[-77.0214627,-12.1342717],[-77.0214606,-12.1342727],[-77.0214565,-12.1342722],[-77.0214225,-12.1342521],[-77.0213767,-12.1342293],[-77.0212843,-12.1341887],[-77.0212296,-12.1341705],[-77.0210742,-12.1341225],[-77.021042,-12.1341137],[-77.0209848,-12.1341017]]]},"properties":{"id":"MZ-BAR-C4F06212C6","scene":"mz_c4f062","lots":["1135543"],"lotCount":1,"area_m2":330.8,"perimeter_m":135.0,"center":[-12.1341791,-77.0213275],"groupingValid":true}},{"type":"Feature","geometry":{"type":"Polygon","coordinates":[[[-77.0186747,-12.1337669],[-77.0186406,-12.1338379],[-77.0185603,-12.1337981],[-77.0185579,-12.1337911],[-77.0185578,-12.1337876],[-77.0185589,-12.1337826],[-77.0185606,-12.133779],[-77.0185632,-12.1337757],[-77.0185683,-12.133772],[-77.0185748,-12.1337702],[-77.0185793,-12.1337702],[-77.0185838,-12.1337716],[-77.0185919,-12.133776],[-77.0185982,-12.1337777],[-77.0186044,-12.133778],[-77.018614,-12.1337761],[-77.0186187,-12.133774],[-77.0186236,-12.1337707],[-77.0186273,-12.1337671],[-77.0186318,-12.1337603],[-77.0186345,-12.1337516],[-77.0186429,-12.1337484],[-77.0186475,-12.1337479],[-77.0186531,-12.1337483],[-77.0186613,-12.133751],[-77.0186675,-12.1337554],[-77.0186704,-12.1337587],[-77.0186747,-12.1337669]]]},"properties":{"id":"MZ-BAR-A4948DFE7C","scene":"mz_a4948d","lots":["1135685"],"lotCount":1,"area_m2":66.4,"perimeter_m":36.1,"center":[-12.1337932,-77.0186104],"groupingValid":true}},{"type":"Feature","geometry":{"type":"Polygon","coordinates":[[[-77.0223068,-12.1385627],[-77.0223442,-12.1382682],[-77.0223974,-12.1379029],[-77.0223823,-12.1378793],[-77.0220117,-12.1377628],[-77.0219937,-12.1377753],[-77.0219773,-12.1385589],[-77.0222863,-12.1385798],[-77.0223068,-12.1385627]]]},"properties":{"id":"MZ-BAR-CA385920DB","scene":"mz_ca3859","lots":["1135699","1135700","1135701","1135702","1135703","1135704","1135705","1135706","1135707","1135708","1135709","1135710","1135711"],"lotCount":13,"area_m2":3339.2,"perimeter_m":244.9,"center":[-12.1381561,-77.0221733],"groupingValid":true}},{"type":"Feature","geometry":{"type":"Polygon","coordinates":[[[-77.0209176,-12.1356713],[-77.0210154,-12.135361],[-77.0210011,-12.1353333],[-77.0202574,-12.1351011],[-77.0202219,-12.1351245],[-77.0201252,-12.1354257],[-77.020138,-12.1354488],[-77.0208924,-12.1356845],[-77.0209176,-12.1356713]]]},"properties":{"id":"MZ-BAR-7C34F4CB4C","scene":"mz_7c34f4","lots":["1135776","1135777","1135778","1135779","1135780","1135781","1135782","1135783","1135784","1135785","1135786","1135787","1135788","1135789","1135790","1135791","1135792","1135793"],"lotCount":18,"area_m2":3654.9,"perimeter_m":256.1,"center":[-12.1353934,-77.0205704],"groupingValid":true}},{"type":"Feature","geometry":{"type":"Polygon","coordinates":[[[-77.0218742,-12.1375678],[-77.0218878,-12.1369378],[-77.0218756,-12.1369204],[-77.0207546,-12.1365688],[-77.0207315,-12.1365831],[-77.0205446,-12.1371499],[-77.0205614,-12.1371752],[-77.0218559,-12.1375815],[-77.0218742,-12.1375678]]]},"properties":{"id":"MZ-BAR-435CA1EB61","scene":"mz_435ca1","lots":["1135811","1135812","1135813","1135814","1135815","1135816","1135817","1135818","1135819","1135820","1135821","1135822","1135823","1135824","1135825","1135826","1135827","1135828","1135829","1135830","1135831","1135832","1135833","1135834","1135835","1135836","1135837","1135838","1135839","1135840","1135948"],"lotCount":31,"area_m2":9978.1,"perimeter_m":422.8,"center":[-12.137059,-77.0212291],"groupingValid":true}},{"type":"Feature","geometry":{"type":"Polygon","coordinates":[[[-77.0159429,-12.1452447],[-77.016415,-12.1448419],[-77.0160134,-12.1443889],[-77.015981,-12.1443869],[-77.0155266,-12.1447755],[-77.0155243,-12.1448071],[-77.0159105,-12.1452426],[-77.0159429,-12.1452447]]]},"properties":{"id":"MZ-BAR-71A1E5751C","scene":"mz_71a1e5","lots":["1136020","1136061","1136062","1136069","1136091","1136092","1136094","1136096","1136247","1136248","1136251","1136255","1136261","1136263","1136267","1136268","1136277","1136281","1137170","1137171","1137172"],"lotCount":21,"area_m2":4855.3,"perimeter_m":274.6,"center":[-12.1448245,-77.0159697],"groupingValid":true}},{"type":"Feature","geometry":{"type":"Polygon","coordinates":[[[-77.0185741,-12.1448938],[-77.0188144,-12.1446712],[-77.0186047,-12.1441231],[-77.0185734,-12.1440392],[-77.0183918,-12.1435666],[-77.0183622,-12.1435527],[-77.0179101,-12.1437136],[-77.0179,-12.1437408],[-77.0185468,-12.144889],[-77.0185741,-12.1448938]]]},"properties":{"id":"MZ-BAR-3D41B2150D","scene":"mz_3d41b2","lots":["1136060","1136083","1136084","1136090","1136093","1136095","1136142","1136203","1136204","1136205","1136206","1136207","1136208","1136210","1136221","1136227","1136232","1136237","1136240","1136243","1136245","1136249","1136257"],"lotCount":23,"area_m2":6597.2,"perimeter_m":373.9,"center":[-12.1442183,-77.0184053],"groupingValid":true}},{"type":"Feature","geometry":{"type":"Polygon","coordinates":[[[-77.0165239,-12.1447541],[-77.0171051,-12.1442516],[-77.0166877,-12.1437802],[-77.0165881,-12.1438662],[-77.0166655,-12.1439611],[-77.0166202,-12.1440044],[-77.0166057,-12.1439864],[-77.0166282,-12.143967],[-77.0165639,-12.1438867],[-77.0161021,-12.1442838],[-77.0161001,-12.1443154],[-77.0164912,-12.1447521],[-77.0165239,-12.1447541]]]},"properties":{"id":"MZ-BAR-FFD0E678C4","scene":"mz_ffd0e6","lots":["1136067","1136068","1136085","1136086","1136087","1136209","1136211","1136212","1136213","1136216","1136219","1136220","1136223","1136225","1136228","1136229","1136231","1136233","1136235","1136236","1136238","1136241","1136244","1136254"],"lotCount":24,"area_m2":5962.8,"perimeter_m":343.5,"center":[-12.1442677,-77.0166037],"groupingValid":true}},{"type":"Feature","geometry":{"type":"Polygon","coordinates":[[[-77.017842,-12.1436374],[-77.0178746,-12.1436486],[-77.0183506,-12.1434749],[-77.0180387,-12.1426531],[-77.0180134,-12.1426465],[-77.0174318,-12.1431433],[-77.0174298,-12.1431749],[-77.017842,-12.1436374]]]},"properties":{"id":"MZ-BAR-DAA9C796EB","scene":"mz_daa9c7","lots":["1136074","1136075","1136076","1136077","1136078","1136080","1136081","1136188","1136189","1136190","1136191","1136192","1136193","1136194","1136195","1136196","1136198","1136200","1136202","1137181"],"lotCount":20,"area_m2":6089.7,"perimeter_m":314.4,"center":[-12.1431562,-77.0178298],"groupingValid":true}},{"type":"Feature","geometry":{"type":"Polygon","coordinates":[[[-77.0171937,-12.1441854],[-77.0177624,-12.1436915],[-77.0173609,-12.1432386],[-77.0173287,-12.1432366],[-77.0167557,-12.1437322],[-77.0171601,-12.1441834],[-77.0171937,-12.1441854]]]},"properties":{"id":"MZ-BAR-4C18D5EC77","scene":"mz_4c18d5","lots":["1136079","1136082","1136144","1136197","1136199","1136201","1137177","1137178","1137179","1137180"],"lotCount":10,"area_m2":5888.0,"perimeter_m":305.9,"center":[-12.1437119,-77.0172591],"groupingValid":true}},{"type":"Feature","geometry":{"type":"Polygon","coordinates":[[[-77.0198734,-12.1482386],[-77.0199659,-12.148138],[-77.0199702,-12.148135],[-77.0199802,-12.1481305],[-77.0199895,-12.1481288],[-77.0199972,-12.148129],[-77.020004,-12.1481303],[-77.0200119,-12.1481333],[-77.0200208,-12.1481394],[-77.0200248,-12.1481434],[-77.0200298,-12.1481506],[-77.0200338,-12.1481609],[-77.0200414,-12.1482247],[-77.0198734,-12.1482386]]]},"properties":{"id":"MZ-BAR-11C30866C4","scene":"mz_11c308","lots":["1136340"],"lotCount":1,"area_m2":130.9,"perimeter_m":49.8,"center":[-12.1481932,-77.0199762],"groupingValid":true}},{"type":"Feature","geometry":{"type":"Polygon","coordinates":[[[-77.019641,-12.1494395],[-77.0196912,-12.1494077],[-77.0197658,-12.1493732],[-77.019643,-12.1491911],[-77.0196668,-12.1491774],[-77.0197953,-12.1493667],[-77.0201236,-12.1493503],[-77.0200431,-12.1482451],[-77.0198613,-12.1482569],[-77.0189532,-12.1492572],[-77.0189463,-12.1493001],[-77.0191869,-12.1497565],[-77.0193399,-12.1496407],[-77.0194295,-12.149574],[-77.0194821,-12.14954],[-77.0194254,-12.1494463],[-77.019369,-12.1493603],[-77.0193816,-12.1493512],[-77.0193942,-12.1493426],[-77.0194537,-12.1494337],[-77.0195044,-12.1495241],[-77.0195506,-12.1494963],[-77.0196179,-12.1494537],[-77.019501,-12.1492797],[-77.0195265,-12.1492631],[-77.019641,-12.1494395]]]},"properties":{"id":"MZ-BAR-4AA20B66D6","scene":"mz_4aa20b","lots":["1136344","1136348","1136349","1136351","1136352","1136353","1136354","1136355","1136357","1136358","1136359","1136360","1136361","1136363","1136365","1136368","1136369","1136371","1136372","1136373","1136374","1136375","1136376","1136378","1136379","1136380","1136382","1136384","1136385","1136386","1136391","1136396","1136399","1136502","1136523","1136524","1136526","1136527","1136529","1136533","1137156"],"lotCount":41,"area_m2":11166.4,"perimeter_m":610.6,"center":[-12.1490125,-77.0196355],"groupingValid":true}},{"type":"Feature","geometry":{"type":"Polygon","coordinates":[[[-77.0182176,-12.1494569],[-77.0187154,-12.1491934],[-77.0186729,-12.149115],[-77.0187011,-12.1491016],[-77.018405,-12.1485342],[-77.0178517,-12.1486755],[-77.0181867,-12.1494],[-77.0182176,-12.1494569]]]},"properties":{"id":"MZ-BAR-308339BD15","scene":"mz_308339","lots":["1136356","1136362","1136364","1136366","1136367","1136370","1136377","1136381","1136522","1136525","1136528"],"lotCount":11,"area_m2":5502.1,"perimeter_m":302.8,"center":[-12.1488472,-77.0182496],"groupingValid":true}},{"type":"Feature","geometry":{"type":"Polygon","coordinates":[[[-77.0186224,-12.1502206],[-77.0191567,-12.1499507],[-77.0188515,-12.1493745],[-77.0188144,-12.1493635],[-77.0183143,-12.1496304],[-77.0186035,-12.1502146],[-77.0186224,-12.1502206]]]},"properties":{"id":"MZ-BAR-D8CCEAC1EE","scene":"mz_d8ccea","lots":["1136383","1136389","1136394","1136398","1136408","1136410","1136415","1136416","1136420","1136530","1136531","1136532","1137154"],"lotCount":13,"area_m2":4883.3,"perimeter_m":277.5,"center":[-12.1497812,-77.0187279],"groupingValid":true}},{"type":"Feature","geometry":{"type":"Polygon","coordinates":[[[-77.0200763,-12.1502279],[-77.0201097,-12.1500152],[-77.0201333,-12.1497931],[-77.0201391,-12.1496571],[-77.0200923,-12.1496579],[-77.0200933,-12.1496714],[-77.0200301,-12.1497603],[-77.0197563,-12.14978],[-77.0197477,-12.14971],[-77.0196384,-12.1497492],[-77.0196307,-12.1497273],[-77.019769,-12.1496782],[-77.0197793,-12.149746],[-77.0199901,-12.1497292],[-77.0200635,-12.149675],[-77.0200503,-12.1495244],[-77.02013,-12.1495179],[-77.0201269,-12.1494067],[-77.0197613,-12.1494238],[-77.0192133,-12.1498025],[-77.0193025,-12.1499749],[-77.0194173,-12.1500186],[-77.0200463,-12.150245],[-77.0200763,-12.1502279]]]},"properties":{"id":"MZ-BAR-E0CA51D7EB","scene":"mz_e0ca51","lots":["1136387","1136388","1136390","1136392","1136395","1136397","1136401","1136402","1136403","1136404","1136405","1136406","1136407","1136409","1136411","1136412","1136413","1136414","1136439","1136440","1136441","1136442","1136534","1136535","1137157","1137158"],"lotCount":26,"area_m2":5825.7,"perimeter_m":453.7,"center":[-12.1498266,-77.0196788],"groupingValid":true}},{"type":"Feature","geometry":{"type":"Polygon","coordinates":[[[-77.0182753,-12.1495385],[-77.0187771,-12.1492666],[-77.0187807,-12.1492655],[-77.0187845,-12.1492658],[-77.018789,-12.1492681],[-77.0187916,-12.1492715],[-77.0187926,-12.1492755],[-77.0187922,-12.1492789],[-77.0187906,-12.1492821],[-77.0187878,-12.1492848],[-77.0182863,-12.1495558],[-77.0182825,-12.1495568],[-77.0182791,-12.1495565],[-77.0182758,-12.1495551],[-77.0182727,-12.1495517],[-77.0182716,-12.1495489],[-77.0182717,-12.1495438],[-77.0182733,-12.1495406],[-77.0182753,-12.1495385]]]},"properties":{"id":"MZ-BAR-BAD4E678A9","scene":"mz_bad4e6","lots":["1136393"],"lotCount":1,"area_m2":145.7,"perimeter_m":131.5,"center":[-12.1494117,-77.0185313],"groupingValid":true}},{"type":"Feature","geometry":{"type":"Polygon","coordinates":[[[-77.0181489,-12.1496155],[-77.0173424,-12.1499876],[-77.01734,-12.1499875],[-77.0173361,-12.1499861],[-77.017332,-12.1499814],[-77.0173313,-12.1499785],[-77.0173321,-12.1499736],[-77.0173343,-12.1499704],[-77.0173368,-12.1499686],[-77.0181459,-12.1495986],[-77.0181492,-12.1495985],[-77.0181531,-12.1495996],[-77.0181562,-12.149602],[-77.0181585,-12.1496057],[-77.0181583,-12.149608],[-77.0181566,-12.1496102],[-77.0181489,-12.1496155]]]},"properties":{"id":"MZ-BAR-C6AE098724","scene":"mz_c6ae09","lots":["1136400"],"lotCount":1,"area_m2":198.1,"perimeter_m":200.5,"center":[-12.1497917,-77.0177453],"groupingValid":true}},{"type":"Feature","geometry":{"type":"Polygon","coordinates":[[[-77.0198799,-12.1512565],[-77.0199365,-12.1509951],[-77.0198128,-12.1508485],[-77.0197847,-12.1508126],[-77.0197548,-12.1507784],[-77.0195267,-12.1504993],[-77.0195434,-12.1504909],[-77.0196014,-12.1505626],[-77.0196706,-12.1506451],[-77.0197303,-12.1504992],[-77.0197431,-12.1504979],[-77.0196779,-12.1506544],[-77.0199417,-12.1509696],[-77.0200691,-12.1503334],[-77.0196163,-12.1501807],[-77.0195801,-12.1503311],[-77.0195438,-12.1504895],[-77.0195317,-12.1504791],[-77.0196041,-12.1501766],[-77.0192233,-12.1500283],[-77.0191801,-12.1500505],[-77.0189494,-12.1501759],[-77.0188868,-12.1502091],[-77.018761,-12.1502778],[-77.0186627,-12.1503305],[-77.0187276,-12.150452],[-77.0187965,-12.1505769],[-77.0191231,-12.1511648],[-77.0192753,-12.1514433],[-77.019316,-12.1515131],[-77.0193713,-12.1515788],[-77.0194403,-12.1516251],[-77.0195109,-12.1516597],[-77.0196327,-12.1517085],[-77.01977,-12.1517662],[-77.0198602,-12.1513481],[-77.0196454,-12.1513028],[-77.0195235,-12.1512817],[-77.0194304,-12.1512642],[-77.0194526,-12.151127],[-77.0192876,-12.1510894],[-77.0192675,-12.151119],[-77.0192471,-12.1510783],[-77.0192833,-12.1510608],[-77.0196288,-12.1511308],[-77.0196171,-12.1511974],[-77.0198799,-12.1512565]]]},"properties":{"id":"MZ-BAR-16E2166FB0","scene":"mz_16e216","lots":["1136417","1136418","1136419","1136421","1136422","1136423","1136424","1136425","1136426","1136427","1136428","1136429","1136430","1136431","1136432","1136433","1136434","1136435","1136436","1136443","1136444","1136445","1136446","1136447","1136448","1136449","1136450","1136451","1136452","1136453","1136454","1136455","1136456","1136457","1136458","1136459","1136460","1136461","1136462","1136463","1136464","1136465","1136466","1136467","1136468","1136469","1136470","1136471","1136472","1136473","1136474","1136475","1136476","1136477","1136478","1136479","1136480","1136481","1136482","1136483","1136484","1136485","1136486","1136487","1136488","1136489","1136490","1136491","1136492","1136493","1136494","1136495","1136496","1136497","1136498","1136499","1136505","1136506","1136507","1136508","1136509","1136510","1136511","1136512","1136536","1136537","1136538","1136539","1136540","1136541","1136542","1137155"],"lotCount":92,"area_m2":16142.8,"perimeter_m":940.2,"center":[-12.1508997,-77.0194156],"groupingValid":true}},{"type":"Feature","geometry":{"type":"Polygon","coordinates":[[[-77.0165912,-12.1545888],[-77.0159722,-12.155098],[-77.0161054,-12.1554971],[-77.0163556,-12.1553644],[-77.0163651,-12.1553825],[-77.0165505,-12.1552849],[-77.0192405,-12.153803],[-77.0192398,-12.1537775],[-77.0183767,-12.1526882],[-77.0183285,-12.1526901],[-77.0171642,-12.1534877],[-77.0164085,-12.15411],[-77.0157152,-12.154728],[-77.0158356,-12.154895],[-77.0165021,-12.1543673],[-77.016518,-12.1543966],[-77.0158516,-12.1549126],[-77.0159533,-12.1550735],[-77.016568,-12.1545635],[-77.0165912,-12.1545888]]]},"properties":{"id":"MZ-BAR-F546D57697","scene":"mz_f546d5","lots":["1136500","1136513","1136545","1136546","1136547"],"lotCount":5,"area_m2":49212.2,"perimeter_m":1374.5,"center":[-12.1539568,-77.0177805],"groupingValid":true}},{"type":"Feature","geometry":{"type":"Polygon","coordinates":[[[-77.0194868,-12.1537236],[-77.019496,-12.1537246],[-77.0195048,-12.1537272],[-77.019513,-12.1537312],[-77.0195203,-12.1537366],[-77.0195265,-12.1537433],[-77.0195314,-12.1537509],[-77.0195349,-12.1537592],[-77.0195368,-12.1537681],[-77.0195371,-12.1537771],[-77.0195358,-12.153786],[-77.0195328,-12.1537946],[-77.0195283,-12.1538024],[-77.0195225,-12.1538094],[-77.0195156,-12.1538153],[-77.0195076,-12.1538198],[-77.0194948,-12.1538238],[-77.0194288,-12.1538113],[-77.0194269,-12.1538098],[-77.0194253,-12.1538066],[-77.0194253,-12.1538029],[-77.0194265,-12.1538004],[-77.0194868,-12.1537236]]]},"properties":{"id":"MZ-BAR-AB18EFC3A4","scene":"mz_ab18ef","lots":["1136501"],"lotCount":1,"area_m2":87.3,"perimeter_m":35.9,"center":[-12.1537729,-77.0194925],"groupingValid":true}},{"type":"Feature","geometry":{"type":"Polygon","coordinates":[[[-77.0161977,-12.1431049],[-77.0167818,-12.1425967],[-77.0163771,-12.1421438],[-77.0163584,-12.1421451],[-77.0157829,-12.1426345],[-77.0157826,-12.1426441],[-77.0161977,-12.1431049]]]},"properties":{"id":"MZ-BAR-C02161D36E","scene":"mz_c02161","lots":["1136549","1136550","1136551","1136552","1136553","1136554","1136555","1136556","1136557","1136558","1136559","1136560","1136561","1136562","1136563","1136564","1136565","1136566","1136567","1136568","1136569","1136570","1136571","1136572","1136573","1136574","1136575","1136576","1136577","1136578","1136683","1136684","1136685"],"lotCount":33,"area_m2":5816.5,"perimeter_m":305.6,"center":[-12.1426156,-77.0162825],"groupingValid":true}},{"type":"Feature","geometry":{"type":"Polygon","coordinates":[[[-77.0173779,-12.1430654],[-77.0179004,-12.1426164],[-77.0179877,-12.1425407],[-77.0179992,-12.1425039],[-77.0179194,-12.1422068],[-77.0178878,-12.1420929],[-77.0178565,-12.1420536],[-77.0178346,-12.1420345],[-77.0178129,-12.1420189],[-77.0177905,-12.1420055],[-77.0177674,-12.1419983],[-77.0177528,-12.1419956],[-77.0177109,-12.1419948],[-77.0176879,-12.1419955],[-77.0176693,-12.1419979],[-77.0176509,-12.1420059],[-77.0176267,-12.1420219],[-77.0175504,-12.1420756],[-77.0169402,-12.142611],[-77.0173454,-12.1430633],[-77.0173779,-12.1430654]]]},"properties":{"id":"MZ-BAR-F485E8C5BA","scene":"mz_f485e8","lots":["1136580","1136582","1136583","1136584","1136585","1136586","1136587","1136588","1136589","1136590","1136591","1136594","1136595","1136596","1136597","1136598","1136599","1136600","1136601","1136602","1136603","1136604","1136605","1136606","1136607","1136608","1136609","1136867"],"lotCount":28,"area_m2":7458.8,"perimeter_m":342.2,"center":[-12.1425258,-77.0175134],"groupingValid":true}},{"type":"Feature","geometry":{"type":"Polygon","coordinates":[[[-77.0176104,-12.1419461],[-77.0176246,-12.1419229],[-77.0176325,-12.1419065],[-77.017639,-12.1418896],[-77.0176441,-12.1418723],[-77.0176491,-12.1418456],[-77.017651,-12.1418447],[-77.017653,-12.1418449],[-77.0176605,-12.1418531],[-77.017681,-12.141883],[-77.0176989,-12.1419146],[-77.0177019,-12.1419205],[-77.0177018,-12.1419234],[-77.0177008,-12.1419249],[-77.0176839,-12.1419319],[-77.0176665,-12.1419377],[-77.0176488,-12.1419425],[-77.0176308,-12.1419461],[-77.0176137,-12.1419486],[-77.0176116,-12.141948],[-77.0176104,-12.1419461]]]},"properties":{"id":"MZ-BAR-F6F51ED5FF","scene":"mz_f6f51e","lots":["1136581"],"lotCount":1,"area_m2":54.5,"perimeter_m":33.3,"center":[-12.1418944,-77.0176625],"groupingValid":true}},{"type":"Feature","geometry":{"type":"Polygon","coordinates":[[[-77.0178136,-12.1418786],[-77.0177978,-12.1418702],[-77.0177851,-12.1418613],[-77.0177593,-12.1418304],[-77.0177442,-12.1418085],[-77.0177303,-12.1417837],[-77.0177174,-12.1417567],[-77.0177092,-12.1417342],[-77.0176962,-12.141684],[-77.0176908,-12.1416569],[-77.0176892,-12.1416304],[-77.0176888,-12.1416089],[-77.0176907,-12.1415959],[-77.0176966,-12.1415812],[-77.017704,-12.1415704],[-77.0177137,-12.1415607],[-77.0177276,-12.141551],[-77.0177454,-12.1415447],[-77.0177569,-12.1415435],[-77.0177684,-12.1415434],[-77.017779,-12.1415461],[-77.0177928,-12.1415511],[-77.0178041,-12.1415572],[-77.0178136,-12.1415662],[-77.0178257,-12.1415791],[-77.0178388,-12.1415971],[-77.0178554,-12.1416235],[-77.0178734,-12.1416561],[-77.017886,-12.1416871],[-77.0178951,-12.1417125],[-77.017901,-12.141739],[-77.0179058,-12.1417644],[-77.0179086,-12.1417875],[-77.0179084,-12.1418039],[-77.0179071,-12.141822],[-77.0179037,-12.1418356],[-77.0178964,-12.1418503],[-77.0178873,-12.1418605],[-77.0178753,-12.1418691],[-77.0178607,-12.1418771],[-77.017849,-12.1418811],[-77.0178384,-12.1418824],[-77.0178257,-12.1418819],[-77.0178136,-12.1418786]]]},"properties":{"id":"MZ-BAR-50553E8D46","scene":"mz_50553e","lots":["1136592"],"lotCount":1,"area_m2":630.7,"perimeter_m":96.8,"center":[-12.1417112,-77.0177988],"groupingValid":true}},{"type":"Feature","geometry":{"type":"Polygon","coordinates":[[[-77.0149864,-12.1441596],[-77.0154362,-12.14377],[-77.0154351,-12.1437366],[-77.0150431,-12.1433051],[-77.0150058,-12.143302],[-77.0145451,-12.1436883],[-77.0145464,-12.1437036],[-77.0149543,-12.1441576],[-77.0149864,-12.1441596]]]},"properties":{"id":"MZ-BAR-2063FAF420","scene":"mz_2063fa","lots":["1136593","1136644","1136645","1136646","1136647","1136648","1136649","1136650","1136651","1136652","1136653","1136654","1136655","1136656","1136657","1136658","1136659","1136660"],"lotCount":18,"area_m2":4904.7,"perimeter_m":275.2,"center":[-12.1437201,-77.0149906],"groupingValid":true}},{"type":"Feature","geometry":{"type":"Polygon","coordinates":[[[-77.0150821,-12.1448813],[-77.0150874,-12.1448753],[-77.0149981,-12.1447769],[-77.0149483,-12.144817],[-77.0149271,-12.1447944],[-77.0149349,-12.1447872],[-77.0149523,-12.1448057],[-77.0150061,-12.1447592],[-77.0151095,-12.1448735],[-77.0150978,-12.1448829],[-77.01517,-12.1449635],[-77.0153693,-12.1447938],[-77.0153717,-12.1447622],[-77.0150918,-12.1444501],[-77.015059,-12.1444481],[-77.0145939,-12.1448526],[-77.0148578,-12.1452144],[-77.014888,-12.1452176],[-77.0151633,-12.1449715],[-77.0150821,-12.1448813]]]},"properties":{"id":"MZ-BAR-7509BF361D","scene":"mz_7509bf","lots":["1136610","1136611","1136612","1136613","1136614","1136615","1136616","1136617","1136618","1136619","1136620","1136621","1136622","1136623","1136624","1136625","1136626","1136627","1136628","1136629","1136949","1136957","1136958","1136959"],"lotCount":24,"area_m2":3647.6,"perimeter_m":323.9,"center":[-12.1448327,-77.0148311],"groupingValid":true}},{"type":"Feature","geometry":{"type":"Polygon","coordinates":[[[-77.0144216,-12.144635],[-77.014874,-12.1442476],[-77.0148763,-12.144216],[-77.0144652,-12.1437546],[-77.0140433,-12.1441102],[-77.0144216,-12.144635]]]},"properties":{"id":"MZ-BAR-1F1D1B06AD","scene":"mz_1f1d1b","lots":["1136630","1136631","1136632","1136633","1136634","1136635","1136636","1136637","1136638","1136639","1136640","1136641","1136642","1136643"],"lotCount":14,"area_m2":4525.3,"perimeter_m":268.3,"center":[-12.1441668,-77.0144581],"groupingValid":true}},{"type":"Feature","geometry":{"type":"Polygon","coordinates":[[[-77.015358,-12.1434947],[-77.0159676,-12.1429847],[-77.0157158,-12.1427058],[-77.0156831,-12.1427038],[-77.0150952,-12.1432057],[-77.015358,-12.1434947]]]},"properties":{"id":"MZ-BAR-68BCAFB3A6","scene":"mz_68bcaf","lots":["1136661","1136662","1136663","1136664","1136665","1136666","1136667","1136668","1136669","1136670","1136671","1136672","1136673","1136674","1136675","1136676","1136677","1136678","1136679","1136680","1136951","1136952","1136953","1136954","1136955","1136956","1136960"],"lotCount":27,"area_m2":3775.2,"perimeter_m":259.6,"center":[-12.1431166,-77.0155048],"groupingValid":true}},{"type":"Feature","geometry":{"type":"Polygon","coordinates":[[[-77.0145314,-12.1447297],[-77.0145267,-12.1447318],[-77.0145214,-12.1447317],[-77.014518,-12.1447302],[-77.0145149,-12.1447272],[-77.0145132,-12.1447236],[-77.0145131,-12.144718],[-77.0145161,-12.1447127],[-77.0149433,-12.1443113],[-77.0149533,-12.1443104],[-77.0149612,-12.1443123],[-77.0149692,-12.1443173],[-77.0149755,-12.1443256],[-77.014978,-12.144334],[-77.0149774,-12.1443442],[-77.0149751,-12.1443499],[-77.0149677,-12.144359],[-77.0145314,-12.1447297]]]},"properties":{"id":"MZ-BAR-BA3E8B4503","scene":"mz_ba3e8b","lots":["1136681"],"lotCount":1,"area_m2":273.0,"perimeter_m":139.1,"center":[-12.1445359,-77.0147319],"groupingValid":true}},{"type":"Feature","geometry":{"type":"Polygon","coordinates":[[[-77.0155791,-12.143544],[-77.0159727,-12.1431966],[-77.0159891,-12.1431908],[-77.0160034,-12.1431919],[-77.0160187,-12.1431991],[-77.0161533,-12.1433555],[-77.0161589,-12.1433712],[-77.0161584,-12.1433848],[-77.016151,-12.1434001],[-77.0157665,-12.1437364],[-77.0157504,-12.1437422],[-77.0157364,-12.1437412],[-77.0157214,-12.143734],[-77.015576,-12.1435887],[-77.0155707,-12.1435729],[-77.0155714,-12.1435593],[-77.0155791,-12.143544]]]},"properties":{"id":"MZ-BAR-C76AA2FD26","scene":"mz_c76aa2","lots":["1136682"],"lotCount":1,"area_m2":1873.4,"perimeter_m":179.8,"center":[-12.1434721,-77.0158647],"groupingValid":true}},{"type":"Feature","geometry":{"type":"Polygon","coordinates":[[[-77.0160395,-12.1442215],[-77.0166257,-12.1437139],[-77.0163613,-12.1434199],[-77.0157678,-12.1439354],[-77.0157671,-12.1439524],[-77.0160122,-12.1442195],[-77.0160395,-12.1442215]]]},"properties":{"id":"MZ-BAR-CC6A44780F","scene":"mz_cc6a44","lots":["1136686","1136687","1136688","1136689","1136690","1136691","1136692","1136693","1136694","1136695","1136696","1136697","1136698","1136699","1136700","1136701","1136702","1136703","1136704","1136705","1136706","1136707","1136708","1136712"],"lotCount":24,"area_m2":3782.6,"perimeter_m":259.3,"center":[-12.1437914,-77.0162349],"groupingValid":true}},{"type":"Feature","geometry":{"type":"Polygon","coordinates":[[[-77.0150404,-12.1442279],[-77.0150374,-12.1442331],[-77.0150358,-12.1442394],[-77.0150363,-12.144247],[-77.0150386,-12.1442527],[-77.0150452,-12.1442599],[-77.0150523,-12.1442633],[-77.0150613,-12.144264],[-77.0150676,-12.1442623],[-77.0155178,-12.1438705],[-77.015522,-12.1438646],[-77.0155238,-12.1438586],[-77.0155239,-12.1438535],[-77.0155229,-12.1438493],[-77.0155202,-12.1438441],[-77.0155174,-12.1438408],[-77.0155134,-12.143838],[-77.0155067,-12.1438356],[-77.0155,-12.1438355],[-77.0154921,-12.1438381],[-77.0151244,-12.1441514],[-77.0150404,-12.1442279]]]},"properties":{"id":"MZ-BAR-FE91AEDFD0","scene":"mz_fe91ae","lots":["1136709","1136711"],"lotCount":2,"area_m2":330.3,"perimeter_m":144.0,"center":[-12.1440109,-77.0153228],"groupingValid":true}},{"type":"Feature","geometry":{"type":"Polygon","coordinates":[[[-77.0156736,-12.1438765],[-77.0156614,-12.1438583],[-77.0156934,-12.1438591],[-77.0156736,-12.1438765]]]},"properties":{"id":"MZ-BAR-1406DF4AA8","scene":"mz_1406df","lots":["1136710"],"lotCount":1,"area_m2":3.4,"perimeter_m":8.8,"center":[-12.1438679,-77.0156757],"groupingValid":true}},{"type":"Feature","geometry":{"type":"Polygon","coordinates":[[[-77.0169404,-12.1434477],[-77.0172631,-12.1431653],[-77.0172652,-12.1431331],[-77.0168589,-12.14268],[-77.0162916,-12.1431803],[-77.0162898,-12.143212],[-77.0166969,-12.1436604],[-77.0167875,-12.1435805],[-77.0169404,-12.1434477]]]},"properties":{"id":"MZ-BAR-5A99B5E856","scene":"mz_5a99b5","lots":["1136713","1136714","1136715","1136716","1136717","1136718","1136719","1136720","1136721","1136722","1136723","1136724","1136828","1136838","1136839","1136840","1136841","1136842"],"lotCount":18,"area_m2":5888.9,"perimeter_m":305.9,"center":[-12.1431728,-77.0167774],"groupingValid":true}},{"type":"Feature","geometry":{"type":"Polygon","coordinates":[[[-77.0153,-12.1420834],[-77.0153038,-12.1421102],[-77.0157053,-12.1425569],[-77.0162764,-12.1420672],[-77.0162785,-12.1420356],[-77.01589,-12.1416018],[-77.0158578,-12.1415997],[-77.0153,-12.1420834]]]},"properties":{"id":"MZ-BAR-038BD909DA","scene":"mz_038bd9","lots":["1136725","1136727","1136729","1136731","1136732","1136734","1136825","1136827"],"lotCount":8,"area_m2":5833.8,"perimeter_m":303.4,"center":[-12.1420753,-77.0157882],"groupingValid":true}},{"type":"Feature","geometry":{"type":"Polygon","coordinates":[[[-77.0152379,-12.1420024],[-77.015389,-12.141868],[-77.0158042,-12.1415063],[-77.0151926,-12.1408255],[-77.0151819,-12.1408239],[-77.0146324,-12.1413081],[-77.0146306,-12.1413391],[-77.0150883,-12.141847],[-77.0152218,-12.1420003],[-77.0152379,-12.1420024]]]},"properties":{"id":"MZ-BAR-19E45B2211","scene":"mz_19e45b","lots":["1136726","1136728","1136730","1136733","1136735","1136736","1136737","1136738","1136739","1136740","1136741","1136742","1136743","1136744","1136745","1136746","1136747","1136748","1136749","1136750","1136751","1136752","1136753","1136754","1136755","1136822","1136823","1136826","1136830"],"lotCount":29,"area_m2":8445.0,"perimeter_m":367.2,"center":[-12.1414507,-77.0152427],"groupingValid":true}},{"type":"Feature","geometry":{"type":"Polygon","coordinates":[[[-77.0145401,-12.1412125],[-77.015089,-12.1407306],[-77.0150915,-12.1407131],[-77.0144983,-12.1400514],[-77.0144722,-12.1400499],[-77.0139298,-12.1405244],[-77.013928,-12.1405521],[-77.0145194,-12.141211],[-77.0145401,-12.1412125]]]},"properties":{"id":"MZ-BAR-F31A3E0F55","scene":"mz_f31a3e","lots":["1136756","1136757","1136758","1136759","1136760","1136761","1136762","1136763","1136764","1136765","1136767","1136768","1136769","1136771","1136772","1136773","1136774","1136775","1136777","1136778","1136824","1136831","1136832","1136843","1136844","1136846","1136848","1136849","1136850","1137200"],"lotCount":30,"area_m2":8392.4,"perimeter_m":364.1,"center":[-12.1406525,-77.0145276],"groupingValid":true}},{"type":"Feature","geometry":{"type":"Polygon","coordinates":[[[-77.015169,-12.1406461],[-77.0160084,-12.1399024],[-77.0160081,-12.1398714],[-77.0159673,-12.1398234],[-77.0158342,-12.1396746],[-77.0157388,-12.1395694],[-77.0156398,-12.1396493],[-77.0156472,-12.1396558],[-77.0154296,-12.1398406],[-77.0154228,-12.1398334],[-77.0155953,-12.1396879],[-77.0155864,-12.1396775],[-77.0157305,-12.1395602],[-77.0156058,-12.1394198],[-77.0153743,-12.1396356],[-77.0153633,-12.1396216],[-77.0155916,-12.1394053],[-77.0154583,-12.139255],[-77.0154271,-12.1392531],[-77.0145843,-12.1399673],[-77.0145832,-12.1399926],[-77.015169,-12.1406461]]]},"properties":{"id":"MZ-BAR-EC21584406","scene":"mz_ec2158","lots":["1136766","1136770","1136776","1136780","1136782","1136783","1136787","1136789","1136791","1136792","1136794","1136795","1136796","1136797","1136798","1136800","1136801","1136802","1136805","1136806","1136807","1136809","1136810","1136811","1136812","1136813","1136814","1136816","1136818","1136829","1136834","1136835","1136836","1136845","1136847","1136851","1136852","1136853","1136855","1136856","1136857","1136860","1136861","1136862","1136863","1136866"],"lotCount":46,"area_m2":12027.9,"perimeter_m":602.4,"center":[-12.1399348,-77.0152971],"groupingValid":true}},{"type":"Feature","geometry":{"type":"Polygon","coordinates":[[[-77.0138371,-12.1404226],[-77.0143731,-12.1399544],[-77.0143757,-12.1399165],[-77.0138625,-12.1393446],[-77.0138234,-12.1393421],[-77.0132675,-12.1398155],[-77.0138095,-12.1404231],[-77.0138219,-12.1404091],[-77.0138371,-12.1404226]]]},"properties":{"id":"MZ-BAR-FF8B692318","scene":"mz_ff8b69","lots":["1136779","1136781","1136784","1136785","1136786","1136788","1136790","1136793","1136799","1136803","1136804","1136808","1136815","1136817","1136819","1136820","1136821","1136833","1136837","1136854","1136858","1136859","1136864","1136865"],"lotCount":24,"area_m2":7546.1,"perimeter_m":344.7,"center":[-12.1399005,-77.0138523],"groupingValid":true}},{"type":"Feature","geometry":{"type":"Polygon","coordinates":[[[-77.0144844,-12.1436032],[-77.0149417,-12.1432214],[-77.0149475,-12.1431869],[-77.014568,-12.1427683],[-77.0145315,-12.1427657],[-77.0140844,-12.1431548],[-77.0140847,-12.1431678],[-77.0144675,-12.1436017],[-77.0144844,-12.1436032]]]},"properties":{"id":"MZ-BAR-6A5027169B","scene":"mz_6a5027","lots":["1136868","1136869","1136870","1136871","1136872","1136873","1136874","1136875","1136876","1136877","1136878","1136879","1136880","1136881","1136882","1136883","1136884","1136885","1136886","1136887","1136888"],"lotCount":21,"area_m2":4601.7,"perimeter_m":267.0,"center":[-12.1431774,-77.014516],"groupingValid":true}},{"type":"Feature","geometry":{"type":"Polygon","coordinates":[[[-77.0145697,-12.1425838],[-77.0151432,-12.1420842],[-77.0151447,-12.1420588],[-77.0145559,-12.1414033],[-77.0145429,-12.1413898],[-77.0139609,-12.141903],[-77.013953,-12.1419279],[-77.0141591,-12.1421552],[-77.0142209,-12.1422214],[-77.0145126,-12.1419542],[-77.0145354,-12.1419771],[-77.0142444,-12.1422468],[-77.01434,-12.1423567],[-77.0145458,-12.1425806],[-77.0145697,-12.1425838]]]},"properties":{"id":"MZ-BAR-65D740F139","scene":"mz_65d740","lots":["1136948","1136970","1136971","1136973","1136974","1136975","1136976","1136977","1136978","1136979","1136980","1136981","1136982","1136983","1136985","1136987","1136989","1136990","1136992","1136994","1136996","1137029","1137036","1137037","1137038","1137039","1137044","1137045","1137046","1137047","1137048","1137056","1137059"],"lotCount":33,"area_m2":8622.1,"perimeter_m":459.2,"center":[-12.1419975,-77.0147993],"groupingValid":true}},{"type":"Feature","geometry":{"type":"Polygon","coordinates":[[[-77.0154895,-12.1436724],[-77.0154316,-12.1436075],[-77.0154322,-12.1436062],[-77.0154861,-12.1435549],[-77.0154895,-12.1436724]]]},"properties":{"id":"MZ-BAR-D9FCFDEBEF","scene":"mz_d9fcfd","lots":["1136950"],"lotCount":1,"area_m2":40.6,"perimeter_m":30.9,"center":[-12.1436403,-77.0154747],"groupingValid":true}},{"type":"Feature","geometry":{"type":"Polygon","coordinates":[[[-77.0150471,-12.1431108],[-77.015617,-12.1426254],[-77.0156187,-12.1425915],[-77.0152158,-12.1421454],[-77.0149306,-12.142396],[-77.0148605,-12.1424552],[-77.0146389,-12.1426484],[-77.0146369,-12.1426868],[-77.0150218,-12.1431093],[-77.0150471,-12.1431108]]]},"properties":{"id":"MZ-BAR-848E05DABB","scene":"mz_848e05","lots":["1136961","1136962","1136963","1136964","1136965","1136966","1136967","1136968","1136969","1136972","1137026","1137027","1137040","1137042","1137043"],"lotCount":15,"area_m2":5909.6,"perimeter_m":305.6,"center":[-12.1426119,-77.0151473],"groupingValid":true}},{"type":"Feature","geometry":{"type":"Polygon","coordinates":[[[-77.016752,-12.1416548],[-77.0172542,-12.1412276],[-77.0172227,-12.1411933],[-77.0171573,-12.1411198],[-77.0168241,-12.1407505],[-77.0165594,-12.1409796],[-77.016272,-12.1412296],[-77.0161995,-12.1412917],[-77.0159488,-12.1415099],[-77.01637,-12.1419796],[-77.0167326,-12.1416714],[-77.0165712,-12.1414749],[-77.0165886,-12.1414583],[-77.016752,-12.1416548]]]},"properties":{"id":"MZ-BAR-FF21D41BAD","scene":"mz_ff21d4","lots":["1136984","1136986","1136988","1136991","1136998","1137002","1137004","1137006","1137007","1137008","1137010","1137012","1137014","1137015","1137017","1137018","1137021","1137023","1137028","1137031","1137034","1137035","1137049","1137050","1137051","1137052","1137053","1137054","1137055","1137057","1137060"],"lotCount":31,"area_m2":8815.8,"perimeter_m":450.0,"center":[-12.1413653,-77.016604],"groupingValid":true}},{"type":"Feature","geometry":{"type":"Polygon","coordinates":[[[-77.0142235,-12.1415051],[-77.0140261,-12.1412937],[-77.0140417,-12.1412808],[-77.0142393,-12.1414913],[-77.0143117,-12.1414275],[-77.0144566,-12.1412965],[-77.0138614,-12.140632],[-77.0138252,-12.14063],[-77.0136233,-12.1408055],[-77.0133227,-12.1410686],[-77.0132508,-12.1411301],[-77.0132496,-12.1411522],[-77.0138534,-12.1418194],[-77.0138631,-12.1418205],[-77.0142235,-12.1415051]]]},"properties":{"id":"MZ-BAR-5E71F99BFA","scene":"mz_5e71f9","lots":["1136993","1136995","1136997","1136999","1137000","1137001","1137003","1137005","1137009","1137011","1137013","1137016","1137019","1137020","1137022","1137024","1137025","1137030","1137032","1137033","1137041","1137058","1137061","1137062"],"lotCount":24,"area_m2":8804.2,"perimeter_m":438.0,"center":[-12.1412495,-77.013876],"groupingValid":true}},{"type":"Feature","geometry":{"type":"Polygon","coordinates":[[[-77.0159545,-12.1413756],[-77.015992,-12.1413413],[-77.016165,-12.1411883],[-77.0161594,-12.141181],[-77.0166316,-12.140767],[-77.0167532,-12.1406696],[-77.0165946,-12.1404986],[-77.0165838,-12.1405067],[-77.0161142,-12.1399937],[-77.0152832,-12.1407342],[-77.0152815,-12.1407659],[-77.0158696,-12.14142],[-77.0159017,-12.1414223],[-77.0159545,-12.1413756]]]},"properties":{"id":"MZ-BAR-EADEC54EEF","scene":"mz_eadec5","lots":["1137064","1137065","1137066","1137067","1137068","1137069","1137070","1137071","1137072","1137073","1137074","1137075","1137078","1137079","1137081","1137085","1137088","1137092","1137094","1137099","1137111","1137125","1137126","1137127","1137133","1137136","1137138","1137139","1137140"],"lotCount":29,"area_m2":12688.3,"perimeter_m":454.7,"center":[-12.1407019,-77.0160165],"groupingValid":true}},{"type":"Feature","geometry":{"type":"Polygon","coordinates":[[[-77.0131594,-12.1410177],[-77.0134363,-12.140775],[-77.0136191,-12.1406138],[-77.0134338,-12.1404045],[-77.0134389,-12.1404016],[-77.0136253,-12.1406087],[-77.0136653,-12.1405739],[-77.0137403,-12.1405067],[-77.0131897,-12.1398866],[-77.0126187,-12.1403742],[-77.0125974,-12.140445],[-77.0127962,-12.1406571],[-77.0129236,-12.1407991],[-77.0131207,-12.1410157],[-77.0131594,-12.1410177]]]},"properties":{"id":"MZ-BAR-260F2E81E2","scene":"mz_260f2e","lots":["1137076","1137077","1137080","1137082","1137083","1137084","1137086","1137087","1137089","1137090","1137091","1137093","1137095","1137096","1137097","1137098","1137100","1137128","1137129","1137134","1137135","1137137","1137148"],"lotCount":23,"area_m2":8072.9,"perimeter_m":416.8,"center":[-12.1404495,-77.0130377],"groupingValid":true}},{"type":"Feature","geometry":{"type":"Polygon","coordinates":[[[-77.0146173,-12.1397337],[-77.0147111,-12.1396545],[-77.0147786,-12.1395989],[-77.0145379,-12.1392965],[-77.0145519,-12.1392817],[-77.0147922,-12.1395867],[-77.0153407,-12.1391228],[-77.0151511,-12.138913],[-77.015096,-12.1388495],[-77.0147906,-12.1385027],[-77.0145484,-12.1387083],[-77.0142684,-12.1389521],[-77.0144942,-12.1392007],[-77.0144774,-12.1392187],[-77.0142476,-12.1389698],[-77.0139427,-12.1392358],[-77.0139407,-12.1392743],[-77.0144518,-12.1398458],[-77.0144938,-12.1398447],[-77.0146173,-12.1397337]]]},"properties":{"id":"MZ-BAR-D2EC72443A","scene":"mz_d2ec72","lots":["1137101","1137102","1137103","1137104","1137105","1137106","1137107","1137108","1137109","1137110","1137112","1137113","1137114","1137115","1137116","1137117","1137118","1137119","1137120","1137121","1137122","1137123","1137124","1137130","1137131","1137132","1137141","1137142","1137143","1137144","1137145","1137146"],"lotCount":32,"area_m2":11168.9,"perimeter_m":588.3,"center":[-12.1391809,-77.0148771],"groupingValid":true}},{"type":"Feature","geometry":{"type":"Polygon","coordinates":[[[-77.022197,-12.1394989],[-77.0222752,-12.1395003],[-77.022275,-12.1395876],[-77.0221952,-12.1395865],[-77.022197,-12.1394989]]]},"properties":{"id":"MZ-BAR-C719057307","scene":"mz_c71905","lots":["1137173"],"lotCount":1,"area_m2":83.3,"perimeter_m":36.6,"center":[-12.1395434,-77.0222356],"groupingValid":true}},{"type":"Feature","geometry":{"type":"Polygon","coordinates":[[[-77.0182786,-12.1358753],[-77.0183795,-12.1358641],[-77.0184812,-12.1358417],[-77.0185601,-12.1358161],[-77.018702,-12.1357489],[-77.0190498,-12.1355208],[-77.0191416,-12.1354455],[-77.0194527,-12.1351283],[-77.0194562,-12.1351264],[-77.0194612,-12.1351249],[-77.0194694,-12.1351253],[-77.0194737,-12.1351271],[-77.0194773,-12.1351295],[-77.0194804,-12.1351329],[-77.0194824,-12.1351364],[-77.0194838,-12.1351414],[-77.0194837,-12.1351472],[-77.0194822,-12.135152],[-77.0194792,-12.1351568],[-77.0191638,-12.1355533],[-77.0188121,-12.1358994],[-77.0183554,-12.136076],[-77.0182786,-12.1358753]]]},"properties":{"id":"MZ-BAR-B9B615C3BF","scene":"mz_b9b615","lots":["1137214"],"lotCount":1,"area_m2":2226.3,"perimeter_m":349.1,"center":[-12.1356509,-77.0189578],"groupingValid":true}},{"type":"Feature","geometry":{"type":"Polygon","coordinates":[[[-77.0288619,-12.1364143],[-77.0288368,-12.1364676],[-77.0287993,-12.1365501],[-77.028758,-12.1366457],[-77.0287235,-12.1367295],[-77.028673,-12.1368605],[-77.0286363,-12.1369627],[-77.0286187,-12.1370141],[-77.0285839,-12.1371217],[-77.0285653,-12.1371823],[-77.0285438,-12.1372562],[-77.0285176,-12.1373522],[-77.0284975,-12.1374311],[-77.0284776,-12.1375147],[-77.0284591,-12.1375986],[-77.0284436,-12.1376739],[-77.0284301,-12.137745],[-77.0284039,-12.1379549],[-77.0283695,-12.1382512],[-77.0283404,-12.1385254],[-77.0283194,-12.1387413],[-77.0282984,-12.1389754],[-77.0282765,-12.1392457],[-77.0282574,-12.1395116],[-77.0282521,-12.1395595],[-77.0282461,-12.1396018],[-77.0282378,-12.1396503],[-77.0282281,-12.1396984],[-77.0282194,-12.1397363],[-77.0282084,-12.1397794],[-77.028196,-12.139823],[-77.0281824,-12.1398661],[-77.0281666,-12.139912],[-77.0281503,-12.1399551],[-77.0281311,-12.1400018],[-77.0281108,-12.1400471],[-77.0280883,-12.1400938],[-77.0280646,-12.1401391],[-77.0280394,-12.1401839],[-77.0280048,-12.1402407],[-77.0279902,-12.1402632],[-77.0269545,-12.141648],[-77.0269479,-12.1416424],[-77.0279605,-12.1402563],[-77.0279814,-12.1402238],[-77.0279926,-12.1402041],[-77.0280051,-12.1401799],[-77.0280202,-12.140147],[-77.0280303,-12.1401217],[-77.0280392,-12.1400961],[-77.0280446,-12.1400788],[-77.0280538,-12.1400438],[-77.0280618,-12.1400039],[-77.0280651,-12.1399816],[-77.0280712,-12.1399241],[-77.0280748,-12.1398791],[-77.0280769,-12.1398385],[-77.0280783,-12.1397888],[-77.0280784,-12.1397526],[-77.028077,-12.1396644],[-77.0280753,-12.1396283],[-77.02807,-12.1395698],[-77.0280646,-12.1395295],[-77.0280585,-12.1394938],[-77.0280474,-12.1394407],[-77.0280408,-12.1394144],[-77.0280285,-12.1393708],[-77.028013,-12.1393235],[-77.0280021,-12.1392938],[-77.0279832,-12.1392477],[-77.0279663,-12.1392106],[-77.0279438,-12.1391661],[-77.0279217,-12.1391265],[-77.0279016,-12.1390936],[-77.0278805,-12.1390612],[-77.0278569,-12.1390278],[-77.0278247,-12.1389859],[-77.0277854,-12.1389395],[-77.0277416,-12.1388932],[-77.0276952,-12.1388494],[-77.0276642,-12.1388225],[-77.0272941,-12.1385124],[-77.0272396,-12.138471],[-77.0271986,-12.1384372],[-77.0271532,-12.1383967],[-77.0271284,-12.1383732],[-77.0270978,-12.1383425],[-77.0270544,-12.1382958],[-77.0270247,-12.1382614],[-77.0269905,-12.1382189],[-77.0269553,-12.1381715],[-77.0269287,-12.1381329],[-77.0269001,-12.1380882],[-77.026852,-12.1380039],[-77.0268477,-12.1379953],[-77.0268473,-12.1379924],[-77.0268478,-12.1379895],[-77.0268498,-12.1379864],[-77.0268528,-12.1379842],[-77.0268559,-12.1379834],[-77.0268597,-12.1379838],[-77.0268909,-12.1380322],[-77.0269195,-12.1380747],[-77.0269519,-12.1381209],[-77.0269856,-12.1381669],[-77.0270162,-12.138207],[-77.0270507,-12.1382506],[-77.0270867,-12.1382942],[-77.0271222,-12.1383357],[-77.0271632,-12.1383815],[-77.0271801,-12.138399],[-77.0272001,-12.1384177],[-77.0272319,-12.1384437],[-77.0272542,-12.1384596],[-77.0272708,-12.1384704],[-77.0272971,-12.1384858],[-77.0273174,-12.1384963],[-77.0273405,-12.1385069],[-77.0273749,-12.1385204],[-77.0273984,-12.1385281],[-77.0274294,-12.1385364],[-77.0274518,-12.1385412],[-77.0274881,-12.1385468],[-77.027511,-12.138549],[-77.0275522,-12.1385506],[-77.0275706,-12.1385503],[-77.0276027,-12.1385482],[-77.0276436,-12.1385427],[-77.0276661,-12.1385383],[-77.0276884,-12.1385329],[-77.0277149,-12.1385252],[-77.0277322,-12.1385193],[-77.0277578,-12.1385093],[-77.0277788,-12.1385],[-77.0278033,-12.1384877],[-77.0278232,-12.1384765],[-77.0278426,-12.1384644],[-77.0278615,-12.1384515],[-77.0278833,-12.138435],[-77.0279008,-12.1384203],[-77.0279177,-12.138405],[-77.0279338,-12.1383889],[-77.0279462,-12.1383756],[-77.0279544,-12.1383644],[-77.0279764,-12.1383288],[-77.0279872,-12.1383041],[-77.0280081,-12.1382511],[-77.0282705,-12.1375622],[-77.0282729,-12.1375582],[-77.0282746,-12.1375575],[-77.0282783,-12.1375573],[-77.0282816,-12.137559],[-77.0282838,-12.137562],[-77.0282836,-12.1375655],[-77.0279983,-12.1383075],[-77.0279589,-12.1383896],[-77.0279483,-12.1384212],[-77.0279365,-12.1384602],[-77.0279236,-12.1385083],[-77.0279155,-12.1385435],[-77.0279074,-12.1385834],[-77.0278986,-12.1386369],[-77.0278925,-12.1386863],[-77.0278889,-12.1387268],[-77.0278867,-12.1387629],[-77.0278854,-12.1388171],[-77.027886,-12.1388623],[-77.0278873,-12.1388939],[-77.0278854,-12.1389889],[-77.0279514,-12.139063],[-77.0279491,-12.1389862],[-77.0279491,-12.1389636],[-77.0279504,-12.1389139],[-77.0279521,-12.1388823],[-77.0279557,-12.1388373],[-77.0279629,-12.1387744],[-77.027972,-12.1387164],[-77.0279788,-12.1386808],[-77.0279915,-12.1386234],[-77.0280041,-12.1385753],[-77.0280129,-12.1385449],[-77.0280659,-12.1383763],[-77.0280914,-12.1382989],[-77.0281278,-12.1381917],[-77.0281655,-12.138085],[-77.0282059,-12.1379745],[-77.0282493,-12.1378602],[-77.028296,-12.1377418],[-77.0287685,-12.1363757],[-77.0287731,-12.13637],[-77.0287795,-12.136364],[-77.0287883,-12.1363584],[-77.0287964,-12.1363551],[-77.0288042,-12.1363535],[-77.0288156,-12.1363529],[-77.0288258,-12.1363548],[-77.0288333,-12.1363575],[-77.0288413,-12.136362],[-77.0288468,-12.1363666],[-77.0288541,-12.1363748],[-77.0288586,-12.1363827],[-77.0288618,-12.1363925],[-77.028863,-12.1364001],[-77.0288619,-12.1364143]]]},"properties":{"id":"MZ-BAR-9E3FCC7780","scene":"mz_9e3fcc","lots":["1137235"],"lotCount":1,"area_m2":10977.6,"perimeter_m":1879.3,"center":[-12.1389979,-77.028123],"groupingValid":true}},{"type":"Feature","geometry":{"type":"Polygon","coordinates":[[[-77.0230804,-12.1480229],[-77.0231671,-12.147839],[-77.0229669,-12.1477411],[-77.022766,-12.1476443],[-77.0227289,-12.1477277],[-77.0226649,-12.1476955],[-77.0227652,-12.1474698],[-77.0228318,-12.1474963],[-77.0227883,-12.1475944],[-77.02306,-12.1477167],[-77.0231962,-12.1477773],[-77.0232454,-12.147673],[-77.0233908,-12.1473591],[-77.0226311,-12.1470319],[-77.0226005,-12.147044],[-77.0224684,-12.1473414],[-77.0224034,-12.1474854],[-77.0223823,-12.1475352],[-77.0223647,-12.1476404],[-77.0230804,-12.1480229]]]},"properties":{"id":"MZ-BAR-7F9791ABEB","scene":"mz_7f9791","lots":["1137236","1137240","1137450","1137451","1137452","1137453","1137454","1137455","1137456","1137457","1137555","1137556","1137570","1137571","1137572","1137617","1137730","1137731","1137732","1137733","1137734","1137735","1137736","1137737","1137738","1137739","1137740","1137743","1137744","1139107"],"lotCount":30,"area_m2":6527.7,"perimeter_m":489.3,"center":[-12.1475223,-77.0230677],"groupingValid":true}},{"type":"Feature","geometry":{"type":"Polygon","coordinates":[[[-77.0231987,-12.154184],[-77.0232038,-12.1541806],[-77.0232073,-12.1541806],[-77.0232148,-12.1541896],[-77.0228946,-12.1551991],[-77.0228914,-12.1552008],[-77.0228883,-12.1552014],[-77.0228854,-12.1552008],[-77.0228828,-12.1551986],[-77.0228805,-12.1551935],[-77.0231987,-12.154184]]]},"properties":{"id":"MZ-BAR-81708E7373","scene":"mz_81708e","lots":["1137237"],"lotCount":1,"area_m2":206.4,"perimeter_m":238.4,"center":[-12.1546916,-77.0230471],"groupingValid":true}},{"type":"Feature","geometry":{"type":"Polygon","coordinates":[[[-77.0241861,-12.1535345],[-77.0241073,-12.1533171],[-77.0240755,-12.1532524],[-77.0240621,-12.153227],[-77.0240372,-12.1528877],[-77.0235318,-12.1528282],[-77.0234165,-12.1528138],[-77.0233189,-12.1528032],[-77.0229364,-12.1527585],[-77.0229185,-12.1527807],[-77.0231294,-12.1533664],[-77.0231555,-12.1533726],[-77.0232525,-12.153399],[-77.0233434,-12.1534249],[-77.0236736,-12.1535151],[-77.0238962,-12.1535773],[-77.0241948,-12.1536588],[-77.0241969,-12.1536237],[-77.0241914,-12.1535475],[-77.0241861,-12.1535345]]]},"properties":{"id":"MZ-BAR-453DF25A0B","scene":"mz_453df2","lots":["1137238","1137292","1137293","1137374","1137392","1137394","1137395","1137396","1137397","1137398","1137401","1137402","1137403","1137404","1137405","1137406"],"lotCount":16,"area_m2":8532.5,"perimeter_m":401.2,"center":[-12.1530812,-77.0235397],"groupingValid":true}},{"type":"Feature","geometry":{"type":"Polygon","coordinates":[[[-77.0239827,-12.152107],[-77.0237547,-12.1520154],[-77.0237153,-12.1518865],[-77.0237042,-12.1518305],[-77.023723,-12.1517733],[-77.0227256,-12.1513778],[-77.0226539,-12.1518415],[-77.0231045,-12.1520156],[-77.0232542,-12.1520727],[-77.0240785,-12.1523949],[-77.0241035,-12.1523131],[-77.0239827,-12.152107]]]},"properties":{"id":"MZ-BAR-5A7DB2A35A","scene":"mz_5a7db2","lots":["1137239","1137295","1137296","1137379","1137413","1137414","1137415","1137416","1137417","1137419","1137420","1137439","1137598","1137599","1137601","1137685","1137705"],"lotCount":17,"area_m2":7081.0,"perimeter_m":426.1,"center":[-12.1518881,-77.0232493],"groupingValid":true}},{"type":"Feature","geometry":{"type":"Polygon","coordinates":[[[-77.0231943,-12.1352785],[-77.0232078,-12.1352491],[-77.0233494,-12.135333],[-77.0234725,-12.1354027],[-77.0235841,-12.1354632],[-77.023702,-12.1355246],[-77.0238688,-12.135607],[-77.0240033,-12.1356697],[-77.0241248,-12.1357236],[-77.0242711,-12.1357852],[-77.0244013,-12.1358232],[-77.0244687,-12.1358408],[-77.0245285,-12.1358548],[-77.0246087,-12.1358712],[-77.0246661,-12.1358813],[-77.0247834,-12.1358962],[-77.0248346,-12.135904],[-77.024912,-12.1359186],[-77.0249831,-12.135935],[-77.0250506,-12.1359533],[-77.0251116,-12.1359721],[-77.0251771,-12.1359949],[-77.0252601,-12.1360277],[-77.0253062,-12.1360479],[-77.0253619,-12.1360744],[-77.0254285,-12.136109],[-77.0254855,-12.1361414],[-77.0255445,-12.1361778],[-77.0256057,-12.1362189],[-77.0256564,-12.1362556],[-77.0256987,-12.1362883],[-77.0257463,-12.1363276],[-77.0257898,-12.1363658],[-77.0258395,-12.1364127],[-77.0258788,-12.1364522],[-77.0259048,-12.1364797],[-77.0259563,-12.1365377],[-77.0259951,-12.1365849],[-77.0260273,-12.136631],[-77.0260498,-12.1366654],[-77.026073,-12.1367057],[-77.0264472,-12.1373893],[-77.0267458,-12.13793],[-77.0268941,-12.1381856],[-77.0269465,-12.1382781],[-77.0269793,-12.1383207],[-77.0270212,-12.1383673],[-77.0270695,-12.1384138],[-77.0275182,-12.1388014],[-77.0276214,-12.1388933],[-77.0276602,-12.1389303],[-77.0276995,-12.1389735],[-77.0277926,-12.1390881],[-77.0278188,-12.1391269],[-77.0278408,-12.1391727],[-77.0278546,-12.1392176],[-77.0278615,-12.1392602],[-77.0278628,-12.1393042],[-77.0278595,-12.1394435],[-77.0278588,-12.1395956],[-77.0278569,-12.1397203],[-77.0278568,-12.139779],[-77.027852,-12.1398855],[-77.027845,-12.1399497],[-77.0278337,-12.1400117],[-77.0278217,-12.1400626],[-77.02781,-12.1401029],[-77.0277962,-12.1401443],[-77.0277836,-12.1401777],[-77.0277595,-12.1402332],[-77.0277419,-12.1402688],[-77.0277177,-12.1403127],[-77.0276685,-12.1403888],[-77.0276583,-12.140403],[-77.027348,-12.1408119],[-77.026543,-12.141893],[-77.0264328,-12.1420491],[-77.0264305,-12.1420494],[-77.0264278,-12.1420483],[-77.0264261,-12.1420453],[-77.0264263,-12.1420429],[-77.0265326,-12.1418958],[-77.0273469,-12.1408012],[-77.0275443,-12.1405313],[-77.0276597,-12.1403768],[-77.0276776,-12.1403496],[-77.0277113,-12.1402928],[-77.027743,-12.1402333],[-77.0277597,-12.1401959],[-77.0277721,-12.1401658],[-77.0277898,-12.1401137],[-77.0277987,-12.1400843],[-77.0278057,-12.14006],[-77.027811,-12.1400379],[-77.02782,-12.1399813],[-77.0278241,-12.1399463],[-77.0278277,-12.1398954],[-77.0278294,-12.1398547],[-77.0278278,-12.1397926],[-77.0278225,-12.139739],[-77.0278144,-12.1396848],[-77.0278054,-12.1396397],[-77.0277962,-12.1396064],[-77.027783,-12.1395636],[-77.0277681,-12.1395219],[-77.0277313,-12.1394414],[-77.0277138,-12.1394065],[-77.0276656,-12.1393323],[-77.0276429,-12.1393003],[-77.0273609,-12.1389946],[-77.0273231,-12.1389445],[-77.0272694,-12.1388754],[-77.0272242,-12.1388125],[-77.0271894,-12.1387659],[-77.027122,-12.1386516],[-77.0270517,-12.1385302],[-77.026961,-12.138366],[-77.0268307,-12.1381274],[-77.0264795,-12.1375243],[-77.0261797,-12.1369876],[-77.0260134,-12.1366915],[-77.0259432,-12.1365871],[-77.0258923,-12.1365214],[-77.0258429,-12.1364639],[-77.0257964,-12.1364146],[-77.0257499,-12.1363692],[-77.0256942,-12.1363198],[-77.0256109,-12.1362601],[-77.0255754,-12.1362356],[-77.0255274,-12.1362043],[-77.0254847,-12.1361782],[-77.0254415,-12.1361533],[-77.0254024,-12.1361321],[-77.0253299,-12.1360958],[-77.0252636,-12.136066],[-77.025222,-12.1360487],[-77.0251523,-12.1360225],[-77.0251149,-12.1360097],[-77.0250481,-12.1359884],[-77.0248482,-12.1359423],[-77.0245969,-12.1359051],[-77.0242792,-12.1358235],[-77.0240626,-12.1357318],[-77.0238011,-12.1356102],[-77.0234751,-12.135441],[-77.0231943,-12.1352785]]]},"properties":{"id":"MZ-BAR-24277B21CA","scene":"mz_24277b","lots":["1137241"],"lotCount":1,"area_m2":5920.1,"perimeter_m":2116.6,"center":[-12.1385902,-77.0271798],"groupingValid":false}},{"type":"Feature","geometry":{"type":"Polygon","coordinates":[[[-77.0242396,-12.1546073],[-77.0242302,-12.1544568],[-77.0242359,-12.154427],[-77.0242415,-12.1544061],[-77.0242674,-12.1543353],[-77.02427,-12.1542809],[-77.0242197,-12.1540938],[-77.024202,-12.1540131],[-77.02418,-12.1538519],[-77.0241638,-12.1538094],[-77.0241459,-12.153755],[-77.024138,-12.1537225],[-77.0241645,-12.1537235],[-77.0241683,-12.153745],[-77.0242089,-12.1538166],[-77.0243263,-12.1543287],[-77.0242824,-12.1543513],[-77.0242523,-12.1544273],[-77.0242489,-12.154451],[-77.0242576,-12.1546075],[-77.0242396,-12.1546073]]]},"properties":{"id":"MZ-BAR-08C1A36374","scene":"mz_08c1a3","lots":["1137242"],"lotCount":1,"area_m2":398.6,"perimeter_m":209.2,"center":[-12.1541871,-77.0242693],"groupingValid":true}},{"type":"Feature","geometry":{"type":"Polygon","coordinates":[[[-77.0253378,-12.1457335],[-77.0253427,-12.1457234],[-77.0253474,-12.1457169],[-77.0253533,-12.1457108],[-77.0253611,-12.145705],[-77.0253664,-12.1457021],[-77.025375,-12.1456992],[-77.025383,-12.1456975],[-77.0253938,-12.1456972],[-77.0253991,-12.1456977],[-77.0254042,-12.1456988],[-77.0254136,-12.1457021],[-77.02542,-12.1457055],[-77.0254285,-12.145712],[-77.0254335,-12.1457174],[-77.0254398,-12.145727],[-77.025445,-12.1457429],[-77.025445,-12.1457607],[-77.0254412,-12.1457807],[-77.0254108,-12.1459011],[-77.0253076,-12.146192],[-77.0251187,-12.1467182],[-77.0249304,-12.1472596],[-77.0247997,-12.1477235],[-77.0247007,-12.1480898],[-77.0245006,-12.1488534],[-77.0244633,-12.1489907],[-77.0244409,-12.1490806],[-77.0244185,-12.149231],[-77.0244152,-12.1494114],[-77.0244324,-12.1496044],[-77.0244618,-12.1498187],[-77.0246467,-12.1510717],[-77.024688,-12.151364],[-77.0247002,-12.1515489],[-77.0246942,-12.1517254],[-77.0246761,-12.1518618],[-77.0246399,-12.1520206],[-77.0245937,-12.1521709],[-77.0245539,-12.1523241],[-77.0245343,-12.1524232],[-77.0245106,-12.1525612],[-77.024496,-12.1527522],[-77.0244952,-12.1529062],[-77.0245016,-12.153007],[-77.0245277,-12.1531671],[-77.02457,-12.1533202],[-77.0248777,-12.1542513],[-77.0249455,-12.154468],[-77.0249726,-12.1545947],[-77.0250461,-12.1549585],[-77.02508,-12.1551594],[-77.0251183,-12.1554399],[-77.0251176,-12.1554507],[-77.0251157,-12.1554579],[-77.0251129,-12.1554644],[-77.0251081,-12.1554717],[-77.0251,-12.1554799],[-77.0250943,-12.1554837],[-77.0250863,-12.1554874],[-77.025073,-12.1554903],[-77.0250656,-12.1554902],[-77.0250585,-12.1554892],[-77.0250482,-12.1554856],[-77.0250437,-12.1554832],[-77.0250359,-12.1554773],[-77.0250282,-12.1554685],[-77.0250249,-12.1554622],[-77.0250219,-12.1554535],[-77.0250208,-12.1554472],[-77.0249636,-12.1547313],[-77.0249548,-12.1546473],[-77.0249326,-12.1545076],[-77.0249052,-12.1543847],[-77.0248647,-12.1542455],[-77.0248168,-12.1541138],[-77.0246118,-12.1535614],[-77.0245135,-12.1532492],[-77.0245064,-12.1532215],[-77.0244726,-12.1530325],[-77.0244639,-12.1529467],[-77.0244583,-12.1527835],[-77.0244628,-12.1526846],[-77.0244767,-12.1525501],[-77.0244984,-12.1524251],[-77.0245263,-12.1523159],[-77.024584,-12.1521245],[-77.0246358,-12.1519202],[-77.0246622,-12.1517658],[-77.0246737,-12.1515731],[-77.0246696,-12.1514455],[-77.0246402,-12.1512124],[-77.0246127,-12.151029],[-77.0244884,-12.1502346],[-77.0244357,-12.1498706],[-77.0244146,-12.1497307],[-77.0243952,-12.1495913],[-77.0243856,-12.1494225],[-77.0243875,-12.1493027],[-77.0243976,-12.1491869],[-77.0244182,-12.149067],[-77.0244516,-12.1489232],[-77.0245531,-12.1485373],[-77.0248685,-12.1474511],[-77.0248903,-12.1473599],[-77.0249133,-12.1472755],[-77.0252046,-12.1463043],[-77.0252472,-12.146151],[-77.0252757,-12.1460363],[-77.0253208,-12.1458155],[-77.0253293,-12.1457708],[-77.0253378,-12.1457335]]]},"properties":{"id":"MZ-BAR-E4EA3AD839","scene":"mz_e4ea3a","lots":["1137243"],"lotCount":1,"area_m2":4194.2,"perimeter_m":2236.8,"center":[-12.1508095,-77.0245932],"groupingValid":false}},{"type":"Feature","geometry":{"type":"Polygon","coordinates":[[[-77.0231117,-12.1355362],[-77.0231184,-12.1355804],[-77.0231257,-12.1356158],[-77.0231346,-12.1356509],[-77.0231451,-12.1356855],[-77.0231572,-12.1357196],[-77.0231708,-12.1357532],[-77.023186,-12.1357861],[-77.0232063,-12.1358257],[-77.0231759,-12.1358512],[-77.0231423,-12.1358821],[-77.0231103,-12.1359145],[-77.02308,-12.1359484],[-77.0230513,-12.1359837],[-77.0230244,-12.1360203],[-77.0229993,-12.1360582],[-77.022976,-12.1360971],[-77.0229548,-12.1361372],[-77.0229391,-12.1361699],[-77.0229248,-12.1362032],[-77.0229088,-12.1362455],[-77.0228974,-12.1362799],[-77.0228898,-12.136306],[-77.0228769,-12.1363587],[-77.022867,-12.136412],[-77.0228603,-12.1364658],[-77.0228585,-12.1364745],[-77.0228513,-12.1364797],[-77.0228423,-12.1364787],[-77.0228364,-12.1364721],[-77.0228358,-12.1364657],[-77.0228364,-12.1364566],[-77.0228399,-12.1364116],[-77.0228444,-12.1363666],[-77.0228498,-12.1363217],[-77.0228562,-12.136277],[-77.0228683,-12.1362057],[-77.0228809,-12.1361436],[-77.0228974,-12.1360732],[-77.0229138,-12.136012],[-77.022932,-12.1359514],[-77.022952,-12.1358912],[-77.0229737,-12.1358317],[-77.0229972,-12.1357728],[-77.0230224,-12.1357146],[-77.0230492,-12.1356571],[-77.0230736,-12.1356085],[-77.0231117,-12.1355362]]]},"properties":{"id":"MZ-BAR-2882F9406E","scene":"mz_2882f9","lots":["1137244"],"lotCount":1,"area_m2":1062.8,"perimeter_m":228.8,"center":[-12.1360088,-77.0229738],"groupingValid":true}},{"type":"Feature","geometry":{"type":"Polygon","coordinates":[[[-77.0232019,-12.1353437],[-77.0239793,-12.1357557],[-77.0240631,-12.1358273],[-77.0240176,-12.1358043],[-77.0239758,-12.1357855],[-77.0239332,-12.1357686],[-77.0238812,-12.1357508],[-77.0238282,-12.1357359],[-77.0237835,-12.1357256],[-77.0237293,-12.1357158],[-77.0236838,-12.1357099],[-77.023638,-12.1357059],[-77.0235829,-12.1357039],[-77.023537,-12.1357045],[-77.023482,-12.1357078],[-77.0234273,-12.135714],[-77.023382,-12.1357214],[-77.0233371,-12.1357308],[-77.0232838,-12.1357447],[-77.0232663,-12.1357238],[-77.0232503,-12.1357017],[-77.0232357,-12.1356787],[-77.0232228,-12.1356548],[-77.0232115,-12.13563],[-77.0232018,-12.1356046],[-77.0231939,-12.1355787],[-77.0231878,-12.1355522],[-77.0231835,-12.1355255],[-77.0231809,-12.1354985],[-77.0231802,-12.1354714],[-77.0231813,-12.1354443],[-77.0231843,-12.1354173],[-77.023189,-12.1353906],[-77.0231955,-12.1353643],[-77.0232019,-12.1353437]]]},"properties":{"id":"MZ-BAR-983833C625","scene":"mz_983833","lots":["1137245"],"lotCount":1,"area_m2":1666.9,"perimeter_m":243.2,"center":[-12.13559,-77.0234306],"groupingValid":true}},{"type":"Feature","geometry":{"type":"Polygon","coordinates":[[[-77.0243649,-12.1374106],[-77.0243693,-12.1374027],[-77.0243747,-12.1373953],[-77.024381,-12.1373888],[-77.0243881,-12.1373831],[-77.0243959,-12.1373784],[-77.0244043,-12.1373747],[-77.0244131,-12.1373721],[-77.0244222,-12.1373706],[-77.0244368,-12.1373707],[-77.0244439,-12.1373764],[-77.0244489,-12.1373853],[-77.0239422,-12.1391298],[-77.0239366,-12.139137],[-77.0239293,-12.1391423],[-77.0239207,-12.1391456],[-77.0239116,-12.1391464],[-77.0239074,-12.1391454],[-77.0239044,-12.1391432],[-77.0239009,-12.1391388],[-77.0238972,-12.139132],[-77.0238931,-12.1391144],[-77.023892,-12.1391054],[-77.0238916,-12.1390873],[-77.023894,-12.1390677],[-77.0243649,-12.1374106]]]},"properties":{"id":"MZ-BAR-14F2B4EFBD","scene":"mz_14f2b4","lots":["1137246"],"lotCount":1,"area_m2":1504.9,"perimeter_m":416.4,"center":[-12.1382389,-77.0241652],"groupingValid":true}},{"type":"Feature","geometry":{"type":"Polygon","coordinates":[[[-77.0251947,-12.1461384],[-77.0244197,-12.1458539],[-77.0243591,-12.1458404],[-77.0244259,-12.145772],[-77.024455,-12.1456766],[-77.0244537,-12.1456474],[-77.0244687,-12.1456146],[-77.0244733,-12.1455966],[-77.0244707,-12.1455889],[-77.0244679,-12.1453698],[-77.0244727,-12.1453219],[-77.0244854,-12.1452187],[-77.0245028,-12.1450979],[-77.0245151,-12.145022],[-77.0245276,-12.1449508],[-77.0245491,-12.1448398],[-77.024567,-12.1447558],[-77.0245904,-12.1446544],[-77.0246204,-12.144536],[-77.0246406,-12.1444618],[-77.0246657,-12.1443749],[-77.0247004,-12.1442625],[-77.0247348,-12.144127],[-77.024749,-12.1440746],[-77.0247704,-12.1440008],[-77.0247905,-12.1439359],[-77.024813,-12.1438671],[-77.0248522,-12.1437561],[-77.0248881,-12.1436623],[-77.0249098,-12.1436085],[-77.0249362,-12.1435459],[-77.0249807,-12.1434466],[-77.0250291,-12.1433457],[-77.0250819,-12.1433399],[-77.02514,-12.1433197],[-77.0251642,-12.1433229],[-77.0252056,-12.1433328],[-77.0252365,-12.1433258],[-77.0252671,-12.143312],[-77.0252808,-12.143295],[-77.0252974,-12.1432474],[-77.0253006,-12.1431869],[-77.0253173,-12.1431428],[-77.0253479,-12.1430917],[-77.0253682,-12.1430509],[-77.0253986,-12.1430032],[-77.0254257,-12.142946],[-77.0254459,-12.142878],[-77.0254763,-12.1428405],[-77.0255001,-12.1428036],[-77.0255203,-12.1427391],[-77.0255403,-12.1426819],[-77.0255409,-12.1426503],[-77.0255275,-12.1425893],[-77.0255622,-12.1424737],[-77.0256348,-12.1423507],[-77.0256242,-12.1422954],[-77.0255396,-12.1422659],[-77.025447,-12.142273],[-77.0253696,-12.1421341],[-77.0253517,-12.1420444],[-77.0253113,-12.1419012],[-77.0253346,-12.1418361],[-77.0253664,-12.1417782],[-77.0254962,-12.1417135],[-77.0255251,-12.1416652],[-77.0255573,-12.1416373],[-77.0256183,-12.1416154],[-77.0256424,-12.1416113],[-77.0257407,-12.1415207],[-77.0257561,-12.141467],[-77.0258068,-12.1414107],[-77.0258163,-12.1413394],[-77.0258295,-12.1412631],[-77.0258621,-12.1412137],[-77.0259006,-12.1411789],[-77.0259237,-12.14115],[-77.0259492,-12.1411102],[-77.0260086,-12.1410753],[-77.0261971,-12.1409875],[-77.0262247,-12.1409105],[-77.0262184,-12.1408143],[-77.026293,-12.1406857],[-77.0264976,-12.1405407],[-77.0267486,-12.1402584],[-77.0268096,-12.140104],[-77.0268983,-12.1399384],[-77.0268807,-12.1397839],[-77.0267759,-12.1396287],[-77.0266914,-12.1393531],[-77.0265917,-12.1391488],[-77.0265104,-12.1389528],[-77.0264668,-12.1387622],[-77.0263784,-12.1385736],[-77.0263059,-12.138359],[-77.026128,-12.1382162],[-77.02605,-12.1382694],[-77.0259276,-12.1380988],[-77.0258886,-12.1380485],[-77.025855,-12.138],[-77.0258285,-12.1379576],[-77.0258104,-12.1379261],[-77.0257933,-12.1378941],[-77.0257754,-12.1378575],[-77.02575,-12.1377994],[-77.025737,-12.1377656],[-77.0257265,-12.1377357],[-77.0257117,-12.1376882],[-77.0257011,-12.1376489],[-77.0256919,-12.1376092],[-77.0256819,-12.1375559],[-77.0256778,-12.1375291],[-77.0256725,-12.1374842],[-77.0256599,-12.1373997],[-77.0256475,-12.1373423],[-77.025635,-12.1372802],[-77.0256243,-12.1372224],[-77.0256055,-12.1371064],[-77.0255937,-12.1370182],[-77.0255879,-12.1369871],[-77.0255816,-12.1369607],[-77.0255753,-12.136939],[-77.0255665,-12.1369133],[-77.0255565,-12.136888],[-77.0255472,-12.1368673],[-77.0255349,-12.1368431],[-77.0255167,-12.1368117],[-77.0255017,-12.1367889],[-77.0254772,-12.1367563],[-77.0254624,-12.1367389],[-77.025431,-12.136706],[-77.0254142,-12.1366906],[-77.0253861,-12.1366672],[-77.0253678,-12.1366536],[-77.0253413,-12.1366358],[-77.0253257,-12.1366263],[-77.0252976,-12.1366109],[-77.0252687,-12.1365971],[-77.024811,-12.1364456],[-77.0246437,-12.1363827],[-77.0245925,-12.1363626],[-77.0244476,-12.1363044],[-77.0244205,-12.1362906],[-77.0243403,-12.1362467],[-77.0242503,-12.1362015],[-77.0242005,-12.1361782],[-77.0241587,-12.1361596],[-77.0241123,-12.1361399],[-77.0240485,-12.1361143],[-77.0240142,-12.1361014],[-77.0239857,-12.1360938],[-77.0239004,-12.1360759],[-77.0237874,-12.1360555],[-77.023733,-12.1360469],[-77.023633,-12.136033],[-77.0235925,-12.1360249],[-77.0235572,-12.136015],[-77.0235398,-12.1360091],[-77.0235015,-12.1359938],[-77.0234726,-12.1359799],[-77.0234486,-12.1359666],[-77.0234292,-12.1359546],[-77.0233956,-12.1359309],[-77.0233743,-12.1359137],[-77.023354,-12.1358954],[-77.0233315,-12.1358728],[-77.0233134,-12.1358523],[-77.0232992,-12.1358346],[-77.0232831,-12.1358126],[-77.0232729,-12.1357971],[-77.0233175,-12.1357865],[-77.0233581,-12.1357785],[-77.0233989,-12.1357722],[-77.0234491,-12.1357665],[-77.0235087,-12.1357628],[-77.0235592,-12.1357623],[-77.0236117,-12.1357642],[-77.02366,-12.1357682],[-77.0237101,-12.1357747],[-77.0237553,-12.1357826],[-77.0237889,-12.1357898],[-77.0238223,-12.1357981],[-77.0238576,-12.1358081],[-77.0238926,-12.1358192],[-77.0239228,-12.1358299],[-77.0239527,-12.1358416],[-77.0240492,-12.1358834],[-77.0241262,-12.1359131],[-77.0241608,-12.1359252],[-77.0242087,-12.1359408],[-77.0242571,-12.1359552],[-77.0243014,-12.1359672],[-77.0243459,-12.1359782],[-77.0244177,-12.1359936],[-77.0245082,-12.136009],[-77.0245674,-12.1360167],[-77.0246131,-12.1360214],[-77.0247128,-12.1360375],[-77.0247892,-12.1360532],[-77.0248694,-12.1360729],[-77.0249487,-12.1360956],[-77.0250098,-12.1361154],[-77.0250574,-12.1361322],[-77.0251002,-12.1361484],[-77.0251554,-12.1361708],[-77.0251974,-12.1361891],[-77.0252431,-12.1362102],[-77.0253168,-12.1362471],[-77.0253611,-12.136271],[-77.0254401,-12.1363171],[-77.0255056,-12.1363589],[-77.0255397,-12.1363819],[-77.0255807,-12.136411],[-77.0256462,-12.1364606],[-77.0256887,-12.136495],[-77.025727,-12.1365276],[-77.0257791,-12.1365808],[-77.0258173,-12.1366259],[-77.0258537,-12.1366725],[-77.025883,-12.136713],[-77.0259206,-12.1367697],[-77.0259556,-12.1368281],[-77.026865,-12.1384411],[-77.0270126,-12.1387002],[-77.0270318,-12.1387309],[-77.0270546,-12.1387664],[-77.027081,-12.1388034],[-77.0271135,-12.1388472],[-77.0271524,-12.1388976],[-77.0272157,-12.1389751],[-77.02725,-12.1390129],[-77.0273367,-12.1390997],[-77.0274159,-12.1391744],[-77.0275069,-12.1392586],[-77.0275946,-12.1393489],[-77.0276063,-12.1393628],[-77.0276346,-12.1394039],[-77.0276534,-12.139435],[-77.0276727,-12.1394709],[-77.0276937,-12.1395161],[-77.0277115,-12.1395626],[-77.0277251,-12.1396058],[-77.0277309,-12.1396277],[-77.0277379,-12.1396585],[-77.0277435,-12.1396897],[-77.0277462,-12.1397076],[-77.0277505,-12.139748],[-77.027752,-12.1397705],[-77.027753,-12.1398112],[-77.0277522,-12.1398428],[-77.02775,-12.1398744],[-77.0277465,-12.1399058],[-77.0277432,-12.1399282],[-77.0277384,-12.1399549],[-77.0277326,-12.1399814],[-77.0277233,-12.1400164],[-77.0277153,-12.1400423],[-77.0277063,-12.1400679],[-77.0276929,-12.1401016],[-77.0276759,-12.1401386],[-77.0276656,-12.1401588],[-77.0276455,-12.1401944],[-77.0276184,-12.1402363],[-77.0263971,-12.1419576],[-77.0263631,-12.1420106],[-77.0263454,-12.1420421],[-77.0262902,-12.1421564],[-77.0262509,-12.142243],[-77.0262134,-12.1423304],[-77.0261744,-12.142427],[-77.0261423,-12.1425117],[-77.0261162,-12.1425841],[-77.0260788,-12.1426957],[-77.0260342,-12.1428109],[-77.0258701,-12.1432016],[-77.025792,-12.1433726],[-77.0257592,-12.1434477],[-77.0257175,-12.1435361],[-77.0256409,-12.1436906],[-77.0256076,-12.1437705],[-77.0255838,-12.1438315],[-77.0255356,-12.1439616],[-77.0255057,-12.1440552],[-77.0254791,-12.144173],[-77.0254696,-12.1442195],[-77.0254532,-12.1443073],[-77.0254336,-12.1444286],[-77.0254209,-12.1445232],[-77.025408,-12.144642],[-77.025393,-12.1448305],[-77.0253823,-12.1449338],[-77.0252873,-12.1456641],[-77.0252363,-12.1459905],[-77.0251947,-12.1461384]]]},"properties":{"id":"MZ-BAR-A45559F51C","scene":"mz_a45559","lots":["1137247"],"lotCount":1,"area_m2":96105.4,"perimeter_m":3047.4,"center":[-12.1409457,-77.0266641],"groupingValid":false}},{"type":"Feature","geometry":{"type":"Polygon","coordinates":[[[-77.026128,-12.1382162],[-77.0263059,-12.138359],[-77.0263784,-12.1385736],[-77.0264668,-12.1387622],[-77.0265104,-12.1389528],[-77.0265917,-12.1391488],[-77.0266914,-12.1393531],[-77.0267759,-12.1396287],[-77.0268807,-12.1397839],[-77.0268983,-12.1399384],[-77.0268096,-12.140104],[-77.0267486,-12.1402584],[-77.0264976,-12.1405407],[-77.026293,-12.1406857],[-77.0262184,-12.1408143],[-77.0262247,-12.1409105],[-77.0261971,-12.1409875],[-77.0260086,-12.1410753],[-77.0259492,-12.1411102],[-77.0259237,-12.14115],[-77.0259006,-12.1411789],[-77.0258621,-12.1412137],[-77.0258295,-12.1412631],[-77.0258163,-12.1413394],[-77.0258068,-12.1414107],[-77.0257561,-12.141467],[-77.0257407,-12.1415207],[-77.0256424,-12.1416113],[-77.0256183,-12.1416154],[-77.0255573,-12.1416373],[-77.0255251,-12.1416652],[-77.0254962,-12.1417135],[-77.0253664,-12.1417782],[-77.0253346,-12.1418361],[-77.0253113,-12.1419012],[-77.0253517,-12.1420444],[-77.0253696,-12.1421341],[-77.025447,-12.142273],[-77.0255396,-12.1422659],[-77.0256242,-12.1422954],[-77.0256348,-12.1423507],[-77.0255622,-12.1424737],[-77.0255275,-12.1425893],[-77.0255409,-12.1426503],[-77.0255403,-12.1426819],[-77.0255203,-12.1427391],[-77.0255001,-12.1428036],[-77.0254763,-12.1428405],[-77.0254459,-12.142878],[-77.0254257,-12.142946],[-77.0253986,-12.1430032],[-77.0253682,-12.1430509],[-77.0253479,-12.1430917],[-77.0253173,-12.1431428],[-77.0253006,-12.1431869],[-77.0252974,-12.1432474],[-77.0252808,-12.143295],[-77.0252671,-12.143312],[-77.0252365,-12.1433258],[-77.0252056,-12.1433328],[-77.0251642,-12.1433229],[-77.02514,-12.1433197],[-77.0250819,-12.1433399],[-77.0250291,-12.1433457],[-77.0250562,-12.1432918],[-77.0250899,-12.1432278],[-77.0251466,-12.1431722],[-77.0251721,-12.1431461],[-77.025206,-12.1431093],[-77.025253,-12.1430537],[-77.0252754,-12.1430251],[-77.0253205,-12.1429624],[-77.0253598,-12.1429013],[-77.0253828,-12.1428622],[-77.0254045,-12.1428223],[-77.0254174,-12.1427923],[-77.0254251,-12.1427663],[-77.0254305,-12.1427443],[-77.025436,-12.1427177],[-77.0254396,-12.1426954],[-77.0254424,-12.142673],[-77.0254448,-12.1426415],[-77.0254456,-12.1426144],[-77.0254441,-12.1425692],[-77.0254415,-12.1425422],[-77.0254384,-12.1425198],[-77.0254336,-12.1424931],[-77.0254241,-12.1424536],[-77.0254104,-12.1424104],[-77.0254023,-12.1423893],[-77.0253877,-12.1423561],[-77.025369,-12.1423199],[-77.0253477,-12.142285],[-77.0253296,-12.1422589],[-77.0253158,-12.1422408],[-77.0252954,-12.1422164],[-77.0252737,-12.1421931],[-77.0252541,-12.142174],[-77.0252371,-12.1421588],[-77.025216,-12.1421414],[-77.0251867,-12.1421196],[-77.025156,-12.1420996],[-77.0251307,-12.142074],[-77.0251172,-12.1420557],[-77.0251047,-12.1420368],[-77.0250934,-12.1420171],[-77.0250774,-12.1419846],[-77.0250674,-12.1419593],[-77.0250616,-12.1419422],[-77.0250554,-12.1419204],[-77.0250505,-12.1418983],[-77.0250463,-12.1418716],[-77.0250444,-12.1418536],[-77.0250432,-12.141831],[-77.0250433,-12.1418039],[-77.0250453,-12.1417769],[-77.0250483,-12.1417545],[-77.0250568,-12.1417147],[-77.0250647,-12.1416887],[-77.0250742,-12.1416633],[-77.0250835,-12.1416426],[-77.0250938,-12.1416224],[-77.0251053,-12.1416029],[-77.0251178,-12.1415839],[-77.0251342,-12.1415621],[-77.0251489,-12.1415448],[-77.0251645,-12.1415308],[-77.0251797,-12.1415206],[-77.025204,-12.1414887],[-77.0252131,-12.1414912],[-77.0252314,-12.1414701],[-77.0252615,-12.1414582],[-77.0252816,-12.1414595],[-77.0253263,-12.1414364],[-77.0253845,-12.1414093],[-77.0254395,-12.1413867],[-77.0255374,-12.1413518],[-77.0255928,-12.1413301],[-77.025639,-12.1413099],[-77.0256967,-12.141282],[-77.025733,-12.1412626],[-77.025765,-12.1412439],[-77.0258063,-12.1412152],[-77.025838,-12.1411892],[-77.0258581,-12.1411706],[-77.0258834,-12.1411444],[-77.0259069,-12.1411166],[-77.0259285,-12.1410874],[-77.0259459,-12.1410608],[-77.025968,-12.1410212],[-77.0259815,-12.1409925],[-77.0259933,-12.1409631],[-77.0260021,-12.1409374],[-77.026013,-12.1408982],[-77.0260209,-12.1408583],[-77.0260258,-12.1408179],[-77.0260289,-12.1407412],[-77.0260325,-12.1407097],[-77.0260383,-12.1406786],[-77.026049,-12.1406393],[-77.0260685,-12.1405887],[-77.0260763,-12.1405723],[-77.026087,-12.1405523],[-77.0261011,-12.140529],[-77.0261139,-12.1405103],[-77.0261304,-12.1404886],[-77.0261513,-12.1404646],[-77.0261672,-12.1404483],[-77.0261839,-12.1404328],[-77.0262001,-12.1404191],[-77.0262158,-12.1404069],[-77.0262374,-12.1403916],[-77.0262591,-12.1403745],[-77.0262765,-12.1403597],[-77.0263,-12.1403381],[-77.0263256,-12.1403122],[-77.0263468,-12.1402884],[-77.026367,-12.1402638],[-77.026386,-12.1402383],[-77.0264039,-12.140212],[-77.0264205,-12.1401849],[-77.0264317,-12.1401652],[-77.0264519,-12.1401246],[-77.0264611,-12.1401039],[-77.0264788,-12.1400574],[-77.0264871,-12.1400315],[-77.0264954,-12.140001],[-77.0265005,-12.1399789],[-77.0265079,-12.1399389],[-77.0265115,-12.139912],[-77.0265154,-12.1398625],[-77.026516,-12.1398354],[-77.0265155,-12.1398083],[-77.0265141,-12.1397812],[-77.0265115,-12.1397542],[-77.0265086,-12.1397318],[-77.0264965,-12.139698],[-77.026478,-12.1396567],[-77.0264629,-12.1396188],[-77.0264439,-12.1395632],[-77.0264303,-12.1395153],[-77.0264239,-12.1394889],[-77.0264148,-12.1394446],[-77.026411,-12.1394223],[-77.026406,-12.1393865],[-77.0264018,-12.1393461],[-77.0263995,-12.13931],[-77.0263985,-12.1392603],[-77.0263988,-12.1392377],[-77.026401,-12.1391926],[-77.0264046,-12.1391521],[-77.0264128,-12.1390939],[-77.0264128,-12.1390741],[-77.0264104,-12.1390517],[-77.0263761,-12.138865],[-77.0263654,-12.1388258],[-77.0263536,-12.1387868],[-77.0263361,-12.1387354],[-77.0263196,-12.1386921],[-77.0263043,-12.1386554],[-77.0262894,-12.1386224],[-77.0262593,-12.1385614],[-77.02605,-12.1382694],[-77.026128,-12.1382162]]]},"properties":{"id":"MZ-BAR-0604FCC899","scene":"mz_0604fc","lots":["1139067"],"lotCount":1,"area_m2":14465.8,"perimeter_m":1404.2,"center":[-12.1407607,-77.026139],"groupingValid":false}},{"type":"Feature","geometry":{"type":"Polygon","coordinates":[[[-77.0236932,-12.1372604],[-77.0237724,-12.1372842],[-77.0238912,-12.1373524],[-77.0240084,-12.1374308],[-77.0241273,-12.1375126],[-77.024176,-12.137374],[-77.0243399,-12.136847],[-77.0244329,-12.1365024],[-77.0243983,-12.1364444],[-77.0243246,-12.1363698],[-77.0243006,-12.1363502],[-77.0242784,-12.136334],[-77.0242276,-12.1362988],[-77.0241976,-12.1362804],[-77.0241702,-12.1362648],[-77.024144,-12.1362469],[-77.0241192,-12.1362335],[-77.0240645,-12.1362113],[-77.0240391,-12.1362002],[-77.0240155,-12.1361913],[-77.0239965,-12.1361853],[-77.023897,-12.1361634],[-77.0237232,-12.1361392],[-77.0236031,-12.1361198],[-77.0234502,-12.136065],[-77.023386,-12.136031],[-77.0233355,-12.1359931],[-77.023313,-12.1359822],[-77.0232913,-12.1359747],[-77.0232603,-12.1359684],[-77.0232365,-12.1359669],[-77.0232217,-12.1359673],[-77.0231997,-12.13597],[-77.0231827,-12.1359737],[-77.0231542,-12.1359835],[-77.0231371,-12.1359919],[-77.0231224,-12.1360007],[-77.0231061,-12.1360127],[-77.0230924,-12.1360249],[-77.0230579,-12.1360717],[-77.0230351,-12.1361108],[-77.0230131,-12.1361581],[-77.0229993,-12.1361961],[-77.0229638,-12.136312],[-77.0229249,-12.1364733],[-77.0227856,-12.1371522],[-77.0228153,-12.137181],[-77.0228562,-12.1372138],[-77.0229391,-12.1372325],[-77.023102,-12.1372589],[-77.0231925,-12.1372765],[-77.0233622,-12.1372725],[-77.0234701,-12.1372634],[-77.0236117,-12.13725],[-77.0236932,-12.1372604]]]},"properties":{"id":"MZ-BAR-3D8F47E4B0","scene":"mz_3d8f47","lots":["1137248","1137249"],"lotCount":2,"area_m2":20409.5,"perimeter_m":569.2,"center":[-12.1366893,-77.0236316],"groupingValid":true}},{"type":"Feature","geometry":{"type":"Polygon","coordinates":[[[-77.0242784,-12.1447479],[-77.0244168,-12.1447582],[-77.0243551,-12.1452359],[-77.0243502,-12.1452714],[-77.0243456,-12.1452941],[-77.0243397,-12.1453177],[-77.0243288,-12.145351],[-77.0243184,-12.1453771],[-77.0243089,-12.1453975],[-77.0242867,-12.1454372],[-77.0242666,-12.1454667],[-77.0242332,-12.145507],[-77.0242296,-12.1455105],[-77.0242242,-12.145514],[-77.0242163,-12.1455167],[-77.0242076,-12.1455172],[-77.0241979,-12.1455146],[-77.0241869,-12.1455063],[-77.0241844,-12.1455027],[-77.0241823,-12.1454951],[-77.0242296,-12.1452334],[-77.0242784,-12.1447479]]]},"properties":{"id":"MZ-BAR-BA8C693C9D","scene":"mz_ba8c69","lots":["1137250"],"lotCount":1,"area_m2":1125.2,"perimeter_m":192.2,"center":[-12.1449876,-77.0243208],"groupingValid":true}},{"type":"Feature","geometry":{"type":"Polygon","coordinates":[[[-77.0232046,-12.1433472],[-77.0231485,-12.1433392],[-77.0231447,-12.1433292],[-77.0231594,-12.1432297],[-77.0231702,-12.1432224],[-77.0232141,-12.1432287],[-77.0232233,-12.1432387],[-77.023213,-12.1433388],[-77.0232046,-12.1433472]]]},"properties":{"id":"MZ-BAR-34D284A101","scene":"mz_34d284","lots":["1137251"],"lotCount":1,"area_m2":93.7,"perimeter_m":38.7,"center":[-12.143284,-77.023185],"groupingValid":true}},{"type":"Feature","geometry":{"type":"Polygon","coordinates":[[[-77.0232938,-12.1432221],[-77.0233046,-12.1432126],[-77.0246492,-12.1433428],[-77.0246633,-12.1433492],[-77.0246735,-12.143356],[-77.0246827,-12.1433645],[-77.0246918,-12.1433762],[-77.0246993,-12.1433909],[-77.0247032,-12.1434047],[-77.0247047,-12.1434182],[-77.024704,-12.14343],[-77.0247016,-12.1434419],[-77.0246952,-12.1434577],[-77.0246862,-12.1434712],[-77.024676,-12.1434816],[-77.0246638,-12.1434902],[-77.0246567,-12.1434939],[-77.0246478,-12.1434974],[-77.0246329,-12.1435008],[-77.0246199,-12.1435015],[-77.02329,-12.1433704],[-77.023281,-12.1433582],[-77.0232938,-12.1432221]]]},"properties":{"id":"MZ-BAR-0D24F79265","scene":"mz_0d24f7","lots":["1137252"],"lotCount":1,"area_m2":2704.3,"perimeter_m":336.5,"center":[-12.143356,-77.0239746],"groupingValid":true}},{"type":"Feature","geometry":{"type":"Polygon","coordinates":[[[-77.025178,-12.1423885],[-77.025186,-12.1423771],[-77.0251893,-12.1423681],[-77.0251905,-12.1423624],[-77.0251913,-12.1423539],[-77.0251906,-12.1423455],[-77.0251859,-12.1423302],[-77.0251815,-12.1423229],[-77.0251746,-12.1423151],[-77.0251269,-12.1422759],[-77.025094,-12.1422434],[-77.0250691,-12.1422176],[-77.0250288,-12.1421698],[-77.0250042,-12.1421356],[-77.0249827,-12.1421041],[-77.0249652,-12.1420748],[-77.0249457,-12.1420343],[-77.0249302,-12.1419949],[-77.0249202,-12.1419577],[-77.0249118,-12.1419171],[-77.0249068,-12.1418567],[-77.0249073,-12.1418188],[-77.0249132,-12.1417623],[-77.0249243,-12.1417074],[-77.0249369,-12.1416633],[-77.0249608,-12.1416021],[-77.024986,-12.1415499],[-77.0250251,-12.1414858],[-77.0245615,-12.1414446],[-77.0245432,-12.14146],[-77.0244711,-12.1423197],[-77.0244827,-12.1423331],[-77.0251692,-12.1423925],[-77.025178,-12.1423885]]]},"properties":{"id":"MZ-BAR-8950FAE48E","scene":"mz_8950fa","lots":["1137253","1137254","1137255","1137256","1137257","1137258","1137259","1137260","1137301","1137302","1137303","1137304","1137376","1137400"],"lotCount":14,"area_m2":5195.9,"perimeter_m":339.8,"center":[-12.1419389,-77.0247094],"groupingValid":true}},{"type":"Feature","geometry":{"type":"Polygon","coordinates":[[[-77.0279497,-12.1393942],[-77.0279656,-12.1394602],[-77.0279788,-12.1395313],[-77.0279862,-12.139585],[-77.0279922,-12.1396525],[-77.0279892,-12.1397598],[-77.0279745,-12.1398809],[-77.027953,-12.1399827],[-77.0279233,-12.1400824],[-77.0278894,-12.1401712],[-77.0278384,-12.1402774],[-77.027778,-12.1403787],[-77.0277397,-12.1404331],[-77.0266894,-12.1418943],[-77.0265308,-12.1421178],[-77.0264313,-12.1422856],[-77.0263864,-12.1423746],[-77.0263253,-12.142516],[-77.0262672,-12.1426874],[-77.0262262,-12.1428635],[-77.0261864,-12.142998],[-77.026113,-12.1431977],[-77.0260289,-12.1433803],[-77.0257161,-12.1440142],[-77.0256482,-12.1441233],[-77.0255907,-12.1442313],[-77.0255599,-12.1443019],[-77.0255305,-12.1443827],[-77.0255076,-12.1444609],[-77.0254708,-12.1447512],[-77.0254679,-12.1447781],[-77.0254667,-12.1448143],[-77.0254704,-12.1448842],[-77.0254773,-12.1449471],[-77.0254892,-12.1450138],[-77.025513,-12.1451104],[-77.0255345,-12.1452076],[-77.0255488,-12.1452831],[-77.0255531,-12.1453094],[-77.0255555,-12.1453341],[-77.025556,-12.1453635],[-77.025555,-12.1453815],[-77.0255524,-12.145404],[-77.0255483,-12.1454262],[-77.0255427,-12.1454481],[-77.0255341,-12.1454738],[-77.0255272,-12.1454906],[-77.0255215,-12.1455029],[-77.0255074,-12.1455287],[-77.0255004,-12.1455346],[-77.0254888,-12.1455417],[-77.0254761,-12.1455471],[-77.0254672,-12.1455494],[-77.0254582,-12.1455506],[-77.0254444,-12.1455505],[-77.0254353,-12.1455492],[-77.0254221,-12.1455455],[-77.0254138,-12.1455417],[-77.0254023,-12.1455343],[-77.0253891,-12.1455218],[-77.0253792,-12.1455066],[-77.0253731,-12.1454897],[-77.0253709,-12.1454729],[-77.0253717,-12.1454626],[-77.0254664,-12.144704],[-77.0254968,-12.1444535],[-77.0255269,-12.1442724],[-77.0255551,-12.1441536],[-77.0255985,-12.1440107],[-77.0256343,-12.143913],[-77.0256746,-12.1438169],[-77.0257321,-12.1436931],[-77.025821,-12.1435046],[-77.0259709,-12.1431945],[-77.026092,-12.1429509],[-77.0261884,-12.1427609],[-77.0262563,-12.1425696],[-77.0263063,-12.1424481],[-77.0263706,-12.1423131],[-77.02642,-12.1422212],[-77.0264998,-12.1420892],[-77.0266636,-12.1418595],[-77.0277429,-12.1404086],[-77.027797,-12.1403247],[-77.0278391,-12.1402444],[-77.0278758,-12.1401567],[-77.0278983,-12.1400879],[-77.0279188,-12.1400045],[-77.0279335,-12.1399107],[-77.0279387,-12.1398431],[-77.027942,-12.1397232],[-77.0279457,-12.1395651],[-77.0279452,-12.139407],[-77.0279497,-12.1393942]]]},"properties":{"id":"MZ-BAR-0A8D3A7615","scene":"mz_0a8d3a","lots":["1137261"],"lotCount":1,"area_m2":4730.8,"perimeter_m":1518.4,"center":[-12.142482,-77.0263161],"groupingValid":true}},{"type":"Feature","geometry":{"type":"Polygon","coordinates":[[[-77.022974,-12.139363],[-77.0230965,-12.1393491],[-77.023155,-12.1393413],[-77.0232132,-12.1393318],[-77.0233304,-12.1393107],[-77.0234227,-12.1392908],[-77.0236387,-12.139235],[-77.0241164,-12.137563],[-77.0238971,-12.1374004],[-77.0238023,-12.1373404],[-77.0237283,-12.1373106],[-77.0236544,-12.1372909],[-77.0235822,-12.137288],[-77.0235056,-12.1372951],[-77.0234357,-12.1372989],[-77.0232376,-12.1373077],[-77.0231825,-12.1373069],[-77.0231461,-12.1373014],[-77.023112,-12.1372878],[-77.0228139,-12.1372412],[-77.0227906,-12.1372463],[-77.0227668,-12.137266],[-77.0226837,-12.1377293],[-77.0227006,-12.1377336],[-77.0227145,-12.1377385],[-77.022734,-12.1377477],[-77.0227463,-12.137755],[-77.0227591,-12.1377642],[-77.022773,-12.1377763],[-77.022783,-12.1377869],[-77.0227909,-12.1377967],[-77.0227998,-12.1378096],[-77.0228082,-12.1378247],[-77.0228152,-12.1378408],[-77.0228212,-12.1378603],[-77.0228246,-12.1378784],[-77.0228256,-12.1378878],[-77.0228261,-12.1379064],[-77.0228249,-12.1379226],[-77.0228225,-12.1379371],[-77.022817,-12.137957],[-77.0228081,-12.1379784],[-77.0228007,-12.1379919],[-77.0227908,-12.1380065],[-77.022781,-12.1380184],[-77.022766,-12.138033],[-77.0227561,-12.1380411],[-77.0227372,-12.1380535],[-77.0227233,-12.1380607],[-77.0227108,-12.138066],[-77.0226995,-12.1380697],[-77.0226859,-12.1380732],[-77.0226668,-12.1380762],[-77.0226441,-12.1380772],[-77.0226297,-12.1380764],[-77.0225342,-12.1391544],[-77.0225369,-12.1391907],[-77.0225415,-12.1392122],[-77.0225556,-12.1392506],[-77.0225615,-12.1392621],[-77.0225733,-12.1392812],[-77.0225878,-12.1392999],[-77.0225974,-12.1393104],[-77.0226092,-12.1393216],[-77.022631,-12.1393385],[-77.0226466,-12.1393482],[-77.0226589,-12.1393548],[-77.0226718,-12.1393606],[-77.0226871,-12.1393664],[-77.0227141,-12.1393736],[-77.0227313,-12.139376],[-77.0227717,-12.1393774],[-77.0228248,-12.1393754],[-77.0229072,-12.1393697],[-77.022974,-12.139363]]]},"properties":{"id":"MZ-BAR-D1B2172B02","scene":"mz_d1b217","lots":["1137262","1137266"],"lotCount":2,"area_m2":30196.4,"perimeter_m":716.5,"center":[-12.1386114,-77.0232],"groupingValid":true}},{"type":"Feature","geometry":{"type":"Polygon","coordinates":[[[-77.0240007,-12.1517148],[-77.0240686,-12.1517323],[-77.0241583,-12.1517825],[-77.0241757,-12.1517287],[-77.0241552,-12.1517153],[-77.0241384,-12.1515861],[-77.0241904,-12.1515479],[-77.0241843,-12.1514276],[-77.024178,-12.1514288],[-77.024183,-12.1513745],[-77.0242757,-12.1513653],[-77.0241988,-12.1511784],[-77.0240937,-12.1511385],[-77.0240759,-12.1510234],[-77.0232287,-12.1505946],[-77.022876,-12.1505288],[-77.0227445,-12.1512873],[-77.0229348,-12.1513616],[-77.0231201,-12.1514375],[-77.0232195,-12.1511603],[-77.0230336,-12.1511032],[-77.0230419,-12.1510806],[-77.0231899,-12.1511279],[-77.0231954,-12.1511132],[-77.0232597,-12.1511338],[-77.0231481,-12.1514442],[-77.0233684,-12.1515301],[-77.0237285,-12.1516693],[-77.0237426,-12.1516359],[-77.0238615,-12.1516819],[-77.0239415,-12.1514885],[-77.0239842,-12.1515057],[-77.0238968,-12.1517166],[-77.023945,-12.1517152],[-77.0239965,-12.1517295],[-77.0240007,-12.1517148]]]},"properties":{"id":"MZ-BAR-B795BDE751","scene":"mz_b795bd","lots":["1137263","1137297","1137298","1137299","1137300","1137421","1137422","1137423","1137424","1137425","1137427","1137428","1137429","1137430","1137440","1137441","1137602","1137603","1137698","1137706","1139024"],"lotCount":21,"area_m2":13103.9,"perimeter_m":669.8,"center":[-12.1511483,-77.0236823],"groupingValid":true}},{"type":"Feature","geometry":{"type":"Polygon","coordinates":[[[-77.0235014,-12.1490821],[-77.023579,-12.1489404],[-77.0235774,-12.1489183],[-77.0235621,-12.1489021],[-77.0234606,-12.1488446],[-77.0233006,-12.1487554],[-77.023067,-12.1486159],[-77.0229703,-12.1487736],[-77.0232639,-12.1489444],[-77.0233751,-12.1490074],[-77.0235014,-12.1490821]]]},"properties":{"id":"MZ-BAR-ED77B57276","scene":"mz_ed77b5","lots":["1137264","1137448"],"lotCount":2,"area_m2":1346.0,"perimeter_m":172.8,"center":[-12.1488495,-77.023285],"groupingValid":true}},{"type":"Feature","geometry":{"type":"Polygon","coordinates":[[[-77.023845,-12.1467264],[-77.0236718,-12.1471247],[-77.0236413,-12.1471114],[-77.0238128,-12.1467113],[-77.023845,-12.1467264]]]},"properties":{"id":"MZ-BAR-B834EDCA9E","scene":"mz_b834ed","lots":["1137265"],"lotCount":1,"area_m2":180.4,"perimeter_m":103.5,"center":[-12.1469189,-77.0237426],"groupingValid":true}},{"type":"Feature","geometry":{"type":"Polygon","coordinates":[[[-77.0243667,-12.1567191],[-77.0243944,-12.1564494],[-77.0242475,-12.1564038],[-77.0241727,-12.1563767],[-77.0240938,-12.1566117],[-77.0241848,-12.1566483],[-77.0243667,-12.1567191]]]},"properties":{"id":"MZ-BAR-1407524CB5","scene":"mz_140752","lots":["1137267","1137268","1137270","1137305","1137306","1137307","1137308","1137311"],"lotCount":8,"area_m2":807.3,"perimeter_m":114.8,"center":[-12.1565468,-77.0242499],"groupingValid":true}},{"type":"Feature","geometry":{"type":"Polygon","coordinates":[[[-77.0240565,-12.1565927],[-77.0241187,-12.1564177],[-77.0240114,-12.1563795],[-77.023953,-12.1565505],[-77.0240565,-12.1565927]]]},"properties":{"id":"MZ-BAR-2DE3129C27","scene":"mz_2de312","lots":["1137269","1137271","1137310","1137370"],"lotCount":4,"area_m2":249.0,"perimeter_m":65.1,"center":[-12.15648,-77.0240369],"groupingValid":true}},{"type":"Feature","geometry":{"type":"Polygon","coordinates":[[[-77.0238794,-12.1562754],[-77.0238038,-12.156498],[-77.0238989,-12.1565363],[-77.0239755,-12.1563103],[-77.0238794,-12.1562754]]]},"properties":{"id":"MZ-BAR-2398420C77","scene":"mz_239842","lots":["1137272","1137309","1137312","1137315","1137368"],"lotCount":5,"area_m2":291.8,"perimeter_m":74.7,"center":[-12.1564101,-77.0238876],"groupingValid":true}},{"type":"Feature","geometry":{"type":"Polygon","coordinates":[[[-77.0237675,-12.1564858],[-77.0238499,-12.1562677],[-77.0238827,-12.1561841],[-77.0239286,-12.1561969],[-77.0239164,-12.1562329],[-77.0239888,-12.1562564],[-77.0243832,-12.156397],[-77.0243693,-12.1563045],[-77.024296,-12.1560988],[-77.0242623,-12.1560177],[-77.024207,-12.1559481],[-77.0240588,-12.1558967],[-77.0230419,-12.1555398],[-77.0230255,-12.1555856],[-77.0230009,-12.1555768],[-77.023003,-12.1556039],[-77.0230773,-12.1562066],[-77.0235231,-12.1563864],[-77.0236103,-12.1564224],[-77.0237675,-12.1564858]]]},"properties":{"id":"MZ-BAR-9DBF1260A4","scene":"mz_9dbf12","lots":["1137273","1137274","1137275","1137276","1137277","1137278","1137279","1137313","1137314","1137316","1137317","1137318","1137319","1137320","1137321","1137322","1137323","1137324","1137325","1137326","1137327","1137328","1137329","1137330","1137331","1137332","1137333","1137334","1137335","1137336","1137337","1137338","1137339","1137340","1137371","1137377","1137431","1137432","1137433"],"lotCount":39,"area_m2":8636.2,"perimeter_m":447.2,"center":[-12.1560039,-77.0236504],"groupingValid":true}},{"type":"Feature","geometry":{"type":"Polygon","coordinates":[[[-77.0243554,-12.1558696],[-77.0243851,-12.1558266],[-77.0243964,-12.15579],[-77.0243497,-12.1557207],[-77.0244574,-12.1556229],[-77.0245066,-12.1554667],[-77.0244615,-12.1553797],[-77.0243451,-12.1553109],[-77.0243145,-12.1546689],[-77.0241837,-12.1546513],[-77.0241755,-12.1545248],[-77.0241686,-12.1545159],[-77.0240926,-12.1544854],[-77.0233838,-12.1541861],[-77.023353,-12.1542021],[-77.0233272,-12.1543254],[-77.0230117,-12.1553112],[-77.0230295,-12.1553467],[-77.0235312,-12.1555237],[-77.0235823,-12.1553793],[-77.0234258,-12.1553246],[-77.0234364,-12.1552951],[-77.0235104,-12.1553211],[-77.0235728,-12.1551455],[-77.0234988,-12.1551195],[-77.0235092,-12.1550901],[-77.0238946,-12.1552257],[-77.023884,-12.1552551],[-77.0238034,-12.1552269],[-77.0237823,-12.1552858],[-77.023741,-12.1554019],[-77.0238216,-12.1554307],[-77.0238109,-12.1554601],[-77.0236592,-12.1554064],[-77.0236077,-12.1555509],[-77.0237594,-12.1556045],[-77.0243554,-12.1558696]]]},"properties":{"id":"MZ-BAR-A5D931B328","scene":"mz_a5d931","lots":["1137280","1137281","1137282","1137283","1137284","1137285","1137286","1137287","1137341","1137342","1137343","1137344","1137345","1137346","1137347","1137348","1137349","1137350","1137351","1137352","1137353","1137354","1137355","1137356","1137357","1137358","1137359","1137360","1137361","1137362","1137363","1137365","1137367","1137378","1137434"],"lotCount":35,"area_m2":16972.9,"perimeter_m":760.4,"center":[-12.1550235,-77.0237167],"groupingValid":true}},{"type":"Feature","geometry":{"type":"Polygon","coordinates":[[[-77.0242132,-12.1543427],[-77.0242065,-12.1542925],[-77.0241543,-12.1541014],[-77.0240053,-12.1540279],[-77.0237019,-12.1538804],[-77.0235532,-12.1538069],[-77.0235734,-12.1537096],[-77.0235421,-12.1535517],[-77.0234489,-12.1535275],[-77.0231748,-12.1534544],[-77.0231571,-12.1534732],[-77.0233585,-12.1540546],[-77.0233926,-12.1540911],[-77.0241071,-12.1543926],[-77.024155,-12.1543877],[-77.0241707,-12.1543769],[-77.0242132,-12.1543427]]]},"properties":{"id":"MZ-BAR-F4072B7D4E","scene":"mz_f4072b","lots":["1137288","1137289","1137290","1137291","1137364","1137380","1137381","1137382","1137383","1137384","1137385","1137386","1137387","1137390","1137391","1137393","1137435","1137436","1137437"],"lotCount":19,"area_m2":4592.5,"perimeter_m":345.0,"center":[-12.1539191,-77.023545],"groupingValid":true}},{"type":"Feature","geometry":{"type":"Polygon","coordinates":[[[-77.0240669,-12.1525761],[-77.0240818,-12.1524841],[-77.0234944,-12.1522534],[-77.0234069,-12.1522184],[-77.0230481,-12.1520787],[-77.0229566,-12.1520421],[-77.0226386,-12.151921],[-77.0226241,-12.1519601],[-77.0226718,-12.1520792],[-77.0228877,-12.1526905],[-77.0240405,-12.1528318],[-77.0240669,-12.1525761]]]},"properties":{"id":"MZ-BAR-D8D5879A1F","scene":"mz_d8d587","lots":["1137294","1137375","1137408","1137409","1137410","1137411","1137412","1137438","1137663","1137666","1137673","1137675","1137678"],"lotCount":13,"area_m2":8415.2,"perimeter_m":424.6,"center":[-12.1523509,-77.0232514],"groupingValid":true}},{"type":"Feature","geometry":{"type":"Polygon","coordinates":[[[-77.0229834,-12.1552459],[-77.0229808,-12.1552476],[-77.0229776,-12.1552482],[-77.0229742,-12.1552476],[-77.0229713,-12.1552454],[-77.0229699,-12.1552432],[-77.0229693,-12.1552403],[-77.0232872,-12.1542308],[-77.0232923,-12.1542274],[-77.023296,-12.1542274],[-77.0232989,-12.1542302],[-77.0233033,-12.1542364],[-77.0229834,-12.1552459]]]},"properties":{"id":"MZ-BAR-70AE51D73A","scene":"mz_70ae51","lots":["1137366"],"lotCount":1,"area_m2":206.4,"perimeter_m":238.4,"center":[-12.1547384,-77.0231358],"groupingValid":true}},{"type":"Feature","geometry":{"type":"Polygon","coordinates":[[[-77.0240748,-12.153728],[-77.0240418,-12.1536938],[-77.0237133,-12.1535996],[-77.0235953,-12.1535649],[-77.0236241,-12.1537262],[-77.0236262,-12.153746],[-77.0236324,-12.1537651],[-77.023642,-12.153782],[-77.0236548,-12.1537977],[-77.0236761,-12.1538139],[-77.0236952,-12.1538234],[-77.0237182,-12.1538328],[-77.0237423,-12.1538383],[-77.0238755,-12.1538729],[-77.0241263,-12.1539394],[-77.0240748,-12.153728]]]},"properties":{"id":"MZ-BAR-F55BDE3798","scene":"mz_f55bde","lots":["1137369","1137372","1137388","1137389"],"lotCount":4,"area_m2":1302.0,"perimeter_m":160.8,"center":[-12.1537539,-77.023855],"groupingValid":true}},{"type":"Feature","geometry":{"type":"Polygon","coordinates":[[[-77.0235621,-12.1473147],[-77.0233597,-12.1477664],[-77.0232807,-12.1479455],[-77.0232313,-12.1480537],[-77.0232442,-12.1480915],[-77.0235312,-12.1482453],[-77.0238139,-12.1483864],[-77.0237644,-12.1484636],[-77.0238142,-12.148494],[-77.0238338,-12.1485419],[-77.0244513,-12.1487803],[-77.0251922,-12.1461474],[-77.0244216,-12.1458645],[-77.0241976,-12.1458199],[-77.0241047,-12.1460313],[-77.0239549,-12.1463809],[-77.0238917,-12.1465238],[-77.0238309,-12.1466767],[-77.0238833,-12.1466978],[-77.0236877,-12.1471415],[-77.0236496,-12.1471209],[-77.0235796,-12.1472762],[-77.0238935,-12.1474428],[-77.0238825,-12.1474711],[-77.0238246,-12.1474484],[-77.0235621,-12.1473147]]]},"properties":{"id":"MZ-BAR-A31EBF1103","scene":"mz_a31ebf","lots":["1137373","1139047","1139048","1139049","1139051","1139052","1139056","1139057","1139058","1139059","1139060","1139061","1139062","1139063","1139064","1139070","1139071","1139072","1139073","1139074","1139075"],"lotCount":21,"area_m2":38081.9,"perimeter_m":942.2,"center":[-12.1472905,-77.0242435],"groupingValid":true}},{"type":"Feature","geometry":{"type":"Polygon","coordinates":[[[-77.0250613,-12.1385274],[-77.0239899,-12.1391065],[-77.0239852,-12.1391073],[-77.0239803,-12.1391062],[-77.0239774,-12.1391045],[-77.0239754,-12.1391026],[-77.0239731,-12.1390985],[-77.0239725,-12.1390945],[-77.0239732,-12.1390902],[-77.0244505,-12.1374609],[-77.0244536,-12.1374577],[-77.0244574,-12.1374553],[-77.0244631,-12.1374538],[-77.0244687,-12.1374543],[-77.024474,-12.1374567],[-77.0244783,-12.1374608],[-77.0250696,-12.1385085],[-77.0250702,-12.1385118],[-77.0250694,-12.138518],[-77.0250668,-12.1385227],[-77.0250613,-12.1385274]]]},"properties":{"id":"MZ-BAR-3EDEC1501F","scene":"mz_3edec1","lots":["1137399"],"lotCount":1,"area_m2":9526.8,"perimeter_m":462.5,"center":[-12.1379864,-77.024535],"groupingValid":true}},{"type":"Feature","geometry":{"type":"Polygon","coordinates":[[[-77.0228268,-12.1527571],[-77.0228287,-12.1527514],[-77.0228316,-12.1527491],[-77.0228359,-12.1527497],[-77.0228431,-12.1527519],[-77.0233187,-12.1540679],[-77.0233172,-12.1540713],[-77.023315,-12.1540736],[-77.0233124,-12.1540747],[-77.0233089,-12.1540748],[-77.023304,-12.154072],[-77.0228268,-12.1527571]]]},"properties":{"id":"MZ-BAR-D589EA612D","scene":"mz_d589ea","lots":["1137407"],"lotCount":1,"area_m2":273.0,"perimeter_m":313.5,"center":[-12.1534125,-77.0230732],"groupingValid":true}},{"type":"Feature","geometry":{"type":"Polygon","coordinates":[[[-77.0281562,-12.1401567],[-77.0281486,-12.1401805],[-77.0280894,-12.1402638],[-77.0275526,-12.1410011],[-77.0275031,-12.1410596],[-77.027294,-12.1413275],[-77.0278131,-12.1416536],[-77.0279368,-12.1414647],[-77.0281069,-12.1412432],[-77.0285445,-12.1404683],[-77.028606,-12.1404401],[-77.0286706,-12.1403609],[-77.0287826,-12.1400505],[-77.0288632,-12.1398517],[-77.028824,-12.1398163],[-77.0285441,-12.1396979],[-77.0285185,-12.1396741],[-77.0284145,-12.1396236],[-77.0283411,-12.1395948],[-77.0283285,-12.1396329],[-77.0283276,-12.1396674],[-77.0283184,-12.1397115],[-77.0283062,-12.1397607],[-77.0282961,-12.1397958],[-77.0282847,-12.1398434],[-77.0282698,-12.1398898],[-77.0282181,-12.1400325],[-77.0281825,-12.1401],[-77.0281562,-12.1401567]]]},"properties":{"id":"MZ-BAR-F6C1395F55","scene":"mz_f6c139","lots":["1137418","1139078","1139079"],"lotCount":3,"area_m2":13869.2,"perimeter_m":589.4,"center":[-12.1406275,-77.0281394],"groupingValid":true}},{"type":"Feature","geometry":{"type":"Polygon","coordinates":[[[-77.0235924,-12.1494849],[-77.0234788,-12.1496328],[-77.0232103,-12.1494065],[-77.0231123,-12.1494986],[-77.0232262,-12.1496267],[-77.0231859,-12.1496611],[-77.0233528,-12.1498069],[-77.0233643,-12.1497951],[-77.0234532,-12.1498681],[-77.0233314,-12.1500091],[-77.0234584,-12.1500891],[-77.0235674,-12.1501423],[-77.0239952,-12.150316],[-77.0241191,-12.150376],[-77.0241105,-12.1504258],[-77.0241217,-12.1504608],[-77.024161,-12.1504817],[-77.0241977,-12.1504668],[-77.0242355,-12.1504304],[-77.0242556,-12.1504057],[-77.0240618,-12.1508359],[-77.0240662,-12.1508694],[-77.0240804,-12.1510227],[-77.0240978,-12.1511352],[-77.0242023,-12.1511749],[-77.0242822,-12.1513692],[-77.0241872,-12.1513786],[-77.0241831,-12.1514232],[-77.0241886,-12.1514222],[-77.0241951,-12.15155],[-77.0241433,-12.1515882],[-77.0241595,-12.1517127],[-77.0241811,-12.1517268],[-77.0241606,-12.151789],[-77.0240669,-12.1517366],[-77.0240039,-12.1517203],[-77.0239997,-12.151735],[-77.0239445,-12.1517197],[-77.0237478,-12.15172],[-77.0237089,-12.1518307],[-77.0237585,-12.152012],[-77.0239859,-12.1521034],[-77.0241085,-12.1523125],[-77.0240829,-12.1523962],[-77.0240721,-12.1524691],[-77.024089,-12.1524735],[-77.0240724,-12.1525723],[-77.0240459,-12.1528338],[-77.0240434,-12.1528385],[-77.0240417,-12.1528874],[-77.0240666,-12.1532258],[-77.0241115,-12.1533153],[-77.0241959,-12.1535465],[-77.0242002,-12.1536057],[-77.0241995,-12.1536878],[-77.0242928,-12.1536474],[-77.0245472,-12.153587],[-77.0244939,-12.1533852],[-77.0244645,-12.1532915],[-77.0244427,-12.1531641],[-77.0244291,-12.1530468],[-77.0244217,-12.1529186],[-77.0244264,-12.1527626],[-77.0244363,-12.1526393],[-77.0244474,-12.1525259],[-77.0244628,-12.1524523],[-77.0244922,-12.1523503],[-77.0245228,-12.1522288],[-77.0245883,-12.1519809],[-77.0246215,-12.1517443],[-77.024617,-12.1515984],[-77.0246061,-12.1513974],[-77.0245175,-12.1508707],[-77.0244364,-12.1503068],[-77.0244126,-12.1501472],[-77.0243774,-12.1498553],[-77.0243447,-12.1496252],[-77.0243451,-12.149452],[-77.0243513,-12.14928],[-77.0243697,-12.149129],[-77.0244131,-12.1489467],[-77.0244496,-12.1487845],[-77.0238301,-12.1485451],[-77.0238105,-12.1484971],[-77.023762,-12.1484675],[-77.0237469,-12.1485041],[-77.0237871,-12.1485208],[-77.0237681,-12.1485555],[-77.0237898,-12.1485884],[-77.0237978,-12.1486232],[-77.0237991,-12.1486675],[-77.0238274,-12.1487145],[-77.0238402,-12.1487446],[-77.0239038,-12.1488213],[-77.0239886,-12.1489154],[-77.0239729,-12.1489645],[-77.0239535,-12.1489647],[-77.0239347,-12.1489718],[-77.0238975,-12.1489644],[-77.0238714,-12.1489564],[-77.0238456,-12.1489413],[-77.0238247,-12.1489334],[-77.023798,-12.1489313],[-77.0237799,-12.1489242],[-77.0237657,-12.1489121],[-77.023743,-12.1489515],[-77.0238424,-12.1490056],[-77.0237656,-12.1491395],[-77.0237307,-12.1491197],[-77.023688,-12.1491951],[-77.0236527,-12.1492707],[-77.0236806,-12.1492802],[-77.0239087,-12.1494285],[-77.0239127,-12.1494324],[-77.0238008,-12.1496276],[-77.0235924,-12.1494849]]]},"properties":{"id":"MZ-BAR-3A8D6A8FFF","scene":"mz_3a8d6a","lots":["1137426","1139130"],"lotCount":2,"area_m2":32564.9,"perimeter_m":1652.4,"center":[-12.1510772,-77.0243205],"groupingValid":true}},{"type":"Feature","geometry":{"type":"Polygon","coordinates":[[[-77.0240426,-12.1508767],[-77.0240617,-12.15087],[-77.0240571,-12.1508353],[-77.0242387,-12.1504336],[-77.0242003,-12.1504706],[-77.0241608,-12.1504867],[-77.0241178,-12.1504639],[-77.0241058,-12.1504261],[-77.024114,-12.1503786],[-77.0239933,-12.1503202],[-77.0235655,-12.1501465],[-77.0235168,-12.1501225],[-77.0234554,-12.1500919],[-77.0231445,-12.1498965],[-77.0230518,-12.1500209],[-77.0229837,-12.1501609],[-77.0229698,-12.1501875],[-77.0229137,-12.1503558],[-77.0231591,-12.1503827],[-77.0231954,-12.1503791],[-77.0232185,-12.1503812],[-77.0233489,-12.1505175],[-77.023397,-12.1505329],[-77.0240426,-12.1508767]]]},"properties":{"id":"MZ-BAR-E10485B636","scene":"mz_e10485","lots":["1137442","1137443","1137444","1137445","1137446","1137447"],"lotCount":6,"area_m2":6600.1,"perimeter_m":395.5,"center":[-12.1504055,-77.0236774],"groupingValid":true}},{"type":"Feature","geometry":{"type":"Polygon","coordinates":[[[-77.0242105,-12.1458042],[-77.0244055,-12.1454879],[-77.024447,-12.145478],[-77.0244466,-12.1454961],[-77.0244452,-12.1455141],[-77.0244413,-12.1455409],[-77.0244374,-12.1455586],[-77.0244297,-12.1455846],[-77.0244199,-12.1456099],[-77.0244079,-12.1456344],[-77.0243988,-12.14565],[-77.0243896,-12.145664],[-77.0243944,-12.1456814],[-77.0243957,-12.1456904],[-77.0243961,-12.1457084],[-77.0243951,-12.1457174],[-77.0243934,-12.1457263],[-77.0243878,-12.1457435],[-77.024384,-12.1457517],[-77.0243743,-12.145767],[-77.0243621,-12.1457806],[-77.0243553,-12.1457866],[-77.0243479,-12.145792],[-77.0243375,-12.1457983],[-77.0243102,-12.145802],[-77.0242736,-12.1458049],[-77.024246,-12.1458055],[-77.0242105,-12.1458042]]]},"properties":{"id":"MZ-BAR-4D85D32825","scene":"mz_4d85d3","lots":["1137449"],"lotCount":1,"area_m2":379.9,"perimeter_m":98.6,"center":[-12.1456386,-77.024359],"groupingValid":true}},{"type":"Feature","geometry":{"type":"Polygon","coordinates":[[[-77.0179059,-12.1420018],[-77.0179563,-12.1419791],[-77.0179691,-12.142094],[-77.0181758,-12.1427048],[-77.0181796,-12.1427033],[-77.0181977,-12.1427554],[-77.0181939,-12.142757],[-77.0182309,-12.1428641],[-77.0182304,-12.1428672],[-77.0182282,-12.1428691],[-77.0182251,-12.1428692],[-77.0182228,-12.1428672],[-77.0181858,-12.1427603],[-77.018182,-12.1427619],[-77.0181639,-12.1427097],[-77.0181678,-12.1427082],[-77.0179785,-12.1421429],[-77.0179634,-12.1420944],[-77.0179291,-12.1420375],[-77.0179059,-12.1420018]]]},"properties":{"id":"MZ-BAR-4035A041F0","scene":"mz_4035a0","lots":["1137458"],"lotCount":1,"area_m2":121.9,"perimeter_m":213.9,"center":[-12.142445,-77.0180838],"groupingValid":true}},{"type":"Feature","geometry":{"type":"Polygon","coordinates":[[[-77.0202064,-12.1499865],[-77.0202044,-12.1499906],[-77.0202016,-12.1499942],[-77.020195,-12.149999],[-77.0202079,-12.1498968],[-77.0202139,-12.1498382],[-77.0202192,-12.1497735],[-77.020223,-12.1497132],[-77.0202271,-12.1496023],[-77.0202277,-12.1495035],[-77.0202264,-12.1494382],[-77.020228,-12.1494363],[-77.0202303,-12.1494356],[-77.0202332,-12.1494367],[-77.0202345,-12.1494391],[-77.0202362,-12.1496206],[-77.0202335,-12.1496931],[-77.0202291,-12.1497684],[-77.0202223,-12.14985],[-77.0202151,-12.1499176],[-77.0202064,-12.1499865]]]},"properties":{"id":"MZ-BAR-7D5ABE78DC","scene":"mz_7d5abe","lots":["1137459"],"lotCount":1,"area_m2":61.0,"perimeter_m":126.0,"center":[-12.1497408,-77.020226],"groupingValid":true}},{"type":"Feature","geometry":{"type":"Polygon","coordinates":[[[-77.0195632,-12.1463676],[-77.0195642,-12.1463652],[-77.019567,-12.1463634],[-77.0195702,-12.1463639],[-77.0195721,-12.1463656],[-77.01969,-12.1466762],[-77.0196894,-12.1466797],[-77.0196871,-12.1466816],[-77.019684,-12.1466817],[-77.0196819,-12.1466804],[-77.0195632,-12.1463676]]]},"properties":{"id":"MZ-BAR-A8743036E4","scene":"mz_a87430","lots":["1137460"],"lotCount":1,"area_m2":36.9,"perimeter_m":76.3,"center":[-12.1465219,-77.0196266],"groupingValid":true}},{"type":"Feature","geometry":{"type":"Polygon","coordinates":[[[-77.0210312,-12.142877],[-77.0210323,-12.1428761],[-77.0211215,-12.1428703],[-77.0211226,-12.1428715],[-77.0210584,-12.1429537],[-77.0210572,-12.142953],[-77.0210312,-12.142877]]]},"properties":{"id":"MZ-BAR-9F75ABC088","scene":"mz_9f75ab","lots":["1137461"],"lotCount":1,"area_m2":45.1,"perimeter_m":30.6,"center":[-12.1429152,-77.0210666],"groupingValid":true}},{"type":"Feature","geometry":{"type":"Polygon","coordinates":[[[-77.0225132,-12.1379516],[-77.0225154,-12.1379477],[-77.0225181,-12.1379456],[-77.0225213,-12.1379444],[-77.0225244,-12.1379443],[-77.0225282,-12.1379456],[-77.0225316,-12.1379485],[-77.0225332,-12.1379516],[-77.0225336,-12.1379551],[-77.0225008,-12.1382141],[-77.0224423,-12.1388291],[-77.0223767,-12.1393695],[-77.0223744,-12.1393709],[-77.0223724,-12.1393695],[-77.0223987,-12.1390079],[-77.0224039,-12.1390085],[-77.0224784,-12.1382101],[-77.0225132,-12.1379516]]]},"properties":{"id":"MZ-BAR-690F4977D1","scene":"mz_690f49","lots":["1137462"],"lotCount":1,"area_m2":332.7,"perimeter_m":319.6,"center":[-12.1385217,-77.0224604],"groupingValid":true}},{"type":"Feature","geometry":{"type":"Polygon","coordinates":[[[-77.0226774,-12.1377913],[-77.0226907,-12.1377952],[-77.0226987,-12.1377983],[-77.0227058,-12.1378016],[-77.0227189,-12.1378094],[-77.0227261,-12.1378147],[-77.0227366,-12.1378242],[-77.0227419,-12.1378298],[-77.022752,-12.1378434],[-77.0227605,-12.1378591],[-77.0227642,-12.1378684],[-77.0227676,-12.1378803],[-77.022769,-12.1378876],[-77.0227705,-12.1379037],[-77.0227704,-12.1379131],[-77.0227688,-12.1379268],[-77.022766,-12.1379389],[-77.0227622,-12.13795],[-77.0227543,-12.137966],[-77.0227493,-12.1379737],[-77.0227415,-12.1379836],[-77.0227342,-12.1379913],[-77.0227228,-12.1380009],[-77.0227105,-12.1380089],[-77.0227037,-12.1380125],[-77.02269,-12.1380182],[-77.022676,-12.1380221],[-77.0226562,-12.1380247],[-77.0226386,-12.1380242],[-77.0226774,-12.1377913]]]},"properties":{"id":"MZ-BAR-1F5BFCA3B0","scene":"mz_1f5bfc","lots":["1137463"],"lotCount":1,"area_m2":246.6,"perimeter_m":65.5,"center":[-12.1379088,-77.0227141],"groupingValid":true}},{"type":"Feature","geometry":{"type":"Polygon","coordinates":[[[-77.022555,-12.1377583],[-77.0225525,-12.1377629],[-77.0225508,-12.1377641],[-77.0225471,-12.137765],[-77.0225439,-12.1377643],[-77.0225412,-12.1377624],[-77.0225399,-12.1377606],[-77.022539,-12.1377575],[-77.0225443,-12.1376805],[-77.0226372,-12.1369714],[-77.0227627,-12.1361345],[-77.0227745,-12.1360682],[-77.022787,-12.1360067],[-77.0227888,-12.1360033],[-77.0227918,-12.1360005],[-77.0227953,-12.1359989],[-77.0228005,-12.1359984],[-77.0228052,-12.136],[-77.0228085,-12.1360026],[-77.022811,-12.136007],[-77.0228116,-12.1360114],[-77.0227971,-12.1361058],[-77.0227858,-12.1361994],[-77.0226287,-12.1372471],[-77.0225713,-12.1376936],[-77.022555,-12.1377583]]]},"properties":{"id":"MZ-BAR-5A63A74A12","scene":"mz_5a63a7","lots":["1137464"],"lotCount":1,"area_m2":646.9,"perimeter_m":397.5,"center":[-12.1365854,-77.0227114],"groupingValid":true}},{"type":"Feature","geometry":{"type":"Polygon","coordinates":[[[-77.021859,-12.1461762],[-77.0223529,-12.1463471],[-77.0223869,-12.1462497],[-77.0224485,-12.1460613],[-77.0219085,-12.1458982],[-77.0218737,-12.1459184],[-77.0218518,-12.1461661],[-77.021859,-12.1461762]]]},"properties":{"id":"MZ-BAR-ECA4872D14","scene":"mz_eca487","lots":["1137465","1137466","1137467","1137468","1137469","1137583","1137584","1137618","1137619"],"lotCount":9,"area_m2":1968.1,"perimeter_m":185.1,"center":[-12.1461239,-77.022142],"groupingValid":true}},{"type":"Feature","geometry":{"type":"Polygon","coordinates":[[[-77.0194991,-12.1459397],[-77.0196428,-12.1461086],[-77.0196463,-12.1461169],[-77.0196475,-12.1461258],[-77.0196463,-12.1461348],[-77.0196429,-12.1461431],[-77.0196377,-12.1461499],[-77.0196105,-12.1461729],[-77.019604,-12.1461764],[-77.0195981,-12.1461778],[-77.0195927,-12.1461768],[-77.019588,-12.1461742],[-77.019586,-12.1461724],[-77.0195829,-12.1461672],[-77.0194991,-12.1459397]]]},"properties":{"id":"MZ-BAR-004F067C82","scene":"mz_004f06","lots":["1137470"],"lotCount":1,"area_m2":133.6,"perimeter_m":63.6,"center":[-12.1460243,-77.0195506],"groupingValid":true}},{"type":"Feature","geometry":{"type":"Polygon","coordinates":[[[-77.0198184,-12.1445816],[-77.0200609,-12.1447753],[-77.0200752,-12.1447608],[-77.020119,-12.1447912],[-77.0201253,-12.1447841],[-77.0202068,-12.144848],[-77.0201972,-12.1448617],[-77.0202492,-12.1449094],[-77.0201422,-12.1450396],[-77.0199185,-12.1452988],[-77.0199025,-12.1452833],[-77.0198038,-12.1452375],[-77.0195673,-12.1449297],[-77.0195681,-12.1448873],[-77.0198184,-12.1445816]]]},"properties":{"id":"MZ-BAR-887C1A5242","scene":"mz_887c1a","lots":["1137471"],"lotCount":1,"area_m2":3177.5,"perimeter_m":225.4,"center":[-12.1449843,-77.0199001],"groupingValid":true}},{"type":"Feature","geometry":{"type":"Polygon","coordinates":[[[-77.0203137,-12.144557],[-77.0203187,-12.144553],[-77.020324,-12.1445512],[-77.0203314,-12.1445516],[-77.0203369,-12.1445541],[-77.0204324,-12.1446312],[-77.020437,-12.1446373],[-77.0204382,-12.1446407],[-77.0204387,-12.1446458],[-77.0204368,-12.1446531],[-77.0202873,-12.1448312],[-77.0201608,-12.1447316],[-77.0203137,-12.144557]]]},"properties":{"id":"MZ-BAR-F17334F737","scene":"mz_f17334","lots":["1137472"],"lotCount":1,"area_m2":470.8,"perimeter_m":87.6,"center":[-12.1446923,-77.0202995],"groupingValid":true}},{"type":"Feature","geometry":{"type":"Polygon","coordinates":[[[-77.0191371,-12.1452037],[-77.0191374,-12.1452079],[-77.0191362,-12.1452115],[-77.0191334,-12.1452148],[-77.0191312,-12.1452162],[-77.0191267,-12.145217],[-77.0191227,-12.1452161],[-77.0191189,-12.1452134],[-77.0191169,-12.1452098],[-77.0184746,-12.143532],[-77.0184751,-12.1435268],[-77.0184769,-12.1435241],[-77.0184797,-12.1435222],[-77.0184837,-12.1435215],[-77.0184872,-12.1435225],[-77.01849,-12.1435247],[-77.0184917,-12.1435278],[-77.0191371,-12.1452037]]]},"properties":{"id":"MZ-BAR-7CE2A4D505","scene":"mz_7ce2a4","lots":["1137473"],"lotCount":1,"area_m2":420.8,"perimeter_m":403.2,"center":[-12.1443678,-77.0188049],"groupingValid":true}},{"type":"Feature","geometry":{"type":"Polygon","coordinates":[[[-77.022204,-12.1431147],[-77.0230779,-12.1431927],[-77.0230878,-12.1432037],[-77.0230777,-12.1433428],[-77.023069,-12.1433549],[-77.022191,-12.1432732],[-77.0221549,-12.1432327],[-77.0221648,-12.1431489],[-77.022204,-12.1431147]]]},"properties":{"id":"MZ-BAR-4F0E3733EA","scene":"mz_4f0e37","lots":["1137474"],"lotCount":1,"area_m2":1774.8,"perimeter_m":231.2,"center":[-12.1432496,-77.0226288],"groupingValid":true}},{"type":"Feature","geometry":{"type":"Polygon","coordinates":[[[-77.0184335,-12.143431],[-77.0182478,-12.1429332],[-77.0182495,-12.1429287],[-77.0182527,-12.1429253],[-77.0182538,-12.1429242],[-77.0182592,-12.1429219],[-77.0182638,-12.1429213],[-77.0182716,-12.142924],[-77.0184532,-12.1434236],[-77.0184531,-12.143427],[-77.0184516,-12.1434298],[-77.0184499,-12.1434317],[-77.0184462,-12.143434],[-77.0184425,-12.1434347],[-77.0184391,-12.1434343],[-77.0184335,-12.143431]]]},"properties":{"id":"MZ-BAR-16B27B6706","scene":"mz_16b27b","lots":["1137475"],"lotCount":1,"area_m2":151.8,"perimeter_m":123.7,"center":[-12.1431784,-77.0183517],"groupingValid":true}},{"type":"Feature","geometry":{"type":"Polygon","coordinates":[[[-77.0219639,-12.1427574],[-77.0220088,-12.1422428],[-77.0220941,-12.1412477],[-77.0219819,-12.1412658],[-77.0218589,-12.1412876],[-77.0206483,-12.1415043],[-77.0206395,-12.141519],[-77.0209736,-12.1427682],[-77.0209913,-12.1427791],[-77.0213758,-12.1428044],[-77.0213731,-12.1425954],[-77.0213698,-12.1425383],[-77.0213582,-12.1425277],[-77.0212821,-12.142526],[-77.0212805,-12.1425079],[-77.0213572,-12.1425096],[-77.0213677,-12.1424946],[-77.0213612,-12.1423859],[-77.0213496,-12.1423747],[-77.0212056,-12.1423645],[-77.0212003,-12.1423436],[-77.0212538,-12.1423466],[-77.0212484,-12.1422783],[-77.0212653,-12.1422793],[-77.0212707,-12.1423476],[-77.021353,-12.1423528],[-77.0213635,-12.1423425],[-77.0213602,-12.1422861],[-77.0213868,-12.142288],[-77.0213887,-12.1423434],[-77.0213999,-12.1423552],[-77.0214289,-12.1423566],[-77.0214291,-12.1423747],[-77.0213998,-12.1423732],[-77.0213892,-12.1423835],[-77.0213932,-12.1424947],[-77.0214048,-12.1425059],[-77.0214295,-12.1425063],[-77.0214296,-12.1425244],[-77.0214047,-12.142524],[-77.0213941,-12.1425343],[-77.0213965,-12.1425896],[-77.0213999,-12.1428057],[-77.0215125,-12.1428141],[-77.0219413,-12.1428426],[-77.0219573,-12.1428206],[-77.0219639,-12.1427574]]]},"properties":{"id":"MZ-BAR-18DE12715B","scene":"mz_18de12","lots":["1137476","1137477","1137478","1137479","1137480","1137481","1137482","1137483","1137484","1137485","1137486","1137487","1137489","1137490","1137493","1137494","1137496","1137497","1137501","1137503","1137505","1137510","1137516","1137518","1137524","1137527","1137528","1137529","1137530","1137533","1137537","1137539","1137541","1137543","1137544","1137545","1137546","1137547","1137548","1137549","1137550","1137557","1137558","1137559","1137560","1137561","1137562","1137564","1137565","1137567","1137568","1137569","1137620","1137621","1137625","1137652","1137653","1137700","1137701","1139076","1139083","1139084","1139085","1139142"],"lotCount":64,"area_m2":20937.2,"perimeter_m":783.1,"center":[-12.1420526,-77.0214044],"groupingValid":true}},{"type":"Feature","geometry":{"type":"Polygon","coordinates":[[[-77.0186591,-12.1426147],[-77.0189525,-12.1425097],[-77.0187099,-12.1418511],[-77.0183912,-12.1419133],[-77.0186591,-12.1426147]]]},"properties":{"id":"MZ-BAR-C4D868FD13","scene":"mz_c4d868","lots":["1137488","1137491","1137492","1137495","1137498","1137499","1137500","1137502","1137504","1137508","1137509","1137511","1137523","1137563","1137605","1137606","1137622"],"lotCount":17,"area_m2":2764.0,"perimeter_m":229.8,"center":[-12.1422425,-77.0186856],"groupingValid":true}},{"type":"Feature","geometry":{"type":"Polygon","coordinates":[[[-77.0197412,-12.142226],[-77.0207062,-12.1421209],[-77.0205411,-12.141522],[-77.0195688,-12.141698],[-77.0195534,-12.141723],[-77.0197412,-12.142226]]]},"properties":{"id":"MZ-BAR-4E4E5DFDA1","scene":"mz_4e4e5d","lots":["1137506","1137507","1137512","1137513","1137514","1137515","1137517","1137519","1137520","1137521","1137522","1137525","1137526","1137531","1137532","1137534","1137535","1137536","1137538","1137540","1137542","1137566","1137604","1137607","1137608","1137609","1137610","1137623","1137624","1139025","1139086","1139087","1139088","1139089","1139090"],"lotCount":35,"area_m2":6935.3,"perimeter_m":344.5,"center":[-12.1418527,-77.0201172],"groupingValid":true}},{"type":"Feature","geometry":{"type":"Polygon","coordinates":[[[-77.0222817,-12.140436],[-77.0222837,-12.1404325],[-77.0222862,-12.1404301],[-77.0222914,-12.1404279],[-77.0222952,-12.1404277],[-77.0222993,-12.1404288],[-77.0223033,-12.1404315],[-77.0223061,-12.1404359],[-77.0223069,-12.1404397],[-77.0222643,-12.1408917],[-77.0222618,-12.1408949],[-77.0222595,-12.1408965],[-77.0222551,-12.140898],[-77.0222525,-12.1408981],[-77.0222491,-12.1408974],[-77.0222456,-12.1408954],[-77.0222423,-12.1408914],[-77.0222411,-12.1408882],[-77.0222817,-12.140436]]]},"properties":{"id":"MZ-BAR-7A49A2CA95","scene":"mz_7a49a2","lots":["1137551"],"lotCount":1,"area_m2":137.6,"perimeter_m":107.7,"center":[-12.140664,-77.0222735],"groupingValid":true}},{"type":"Feature","geometry":{"type":"Polygon","coordinates":[[[-77.0224778,-12.1395703],[-77.0225445,-12.1395738],[-77.0225486,-12.1395755],[-77.0225513,-12.13958],[-77.0225502,-12.139589],[-77.022548,-12.1395977],[-77.0225448,-12.1396062],[-77.0225407,-12.1396143],[-77.0225357,-12.1396218],[-77.0225298,-12.1396288],[-77.0225232,-12.1396351],[-77.0225159,-12.1396406],[-77.0225081,-12.1396452],[-77.0224997,-12.139649],[-77.0224847,-12.1396531],[-77.0224743,-12.1396525],[-77.0224731,-12.1396519],[-77.0224725,-12.1396504],[-77.0224778,-12.1395703]]]},"properties":{"id":"MZ-BAR-BF08765B84","scene":"mz_bf0876","lots":["1137552"],"lotCount":1,"area_m2":58.6,"perimeter_m":30.4,"center":[-12.1396105,-77.0225089],"groupingValid":true}},{"type":"Feature","geometry":{"type":"Polygon","coordinates":[[[-77.0223746,-12.1395926],[-77.0223758,-12.1395909],[-77.0223779,-12.1395903],[-77.0223797,-12.1395913],[-77.0223805,-12.1395933],[-77.0223537,-12.1398588],[-77.0223148,-12.1403356],[-77.0223137,-12.1403407],[-77.0223112,-12.140344],[-77.0223073,-12.1403463],[-77.0223026,-12.1403468],[-77.0222972,-12.1403448],[-77.0222951,-12.1403428],[-77.0222933,-12.1403396],[-77.0222927,-12.1403353],[-77.0223152,-12.1400613],[-77.0223746,-12.1395926]]]},"properties":{"id":"MZ-BAR-E32020FF32","scene":"mz_e32020","lots":["1137553"],"lotCount":1,"area_m2":146.6,"perimeter_m":170.0,"center":[-12.1399408,-77.0223389],"groupingValid":true}},{"type":"Feature","geometry":{"type":"Polygon","coordinates":[[[-77.0224943,-12.1393962],[-77.0224894,-12.1393886],[-77.0224814,-12.1393724],[-77.0224761,-12.1393551],[-77.0224737,-12.1393372],[-77.0224742,-12.1393191],[-77.0224776,-12.1393014],[-77.0224837,-12.1392846],[-77.0224878,-12.1392824],[-77.0224905,-12.1392828],[-77.0224924,-12.139284],[-77.0225033,-12.1393084],[-77.0225165,-12.1393321],[-77.0225265,-12.1393473],[-77.0225431,-12.139369],[-77.0225615,-12.1393891],[-77.0225817,-12.1394076],[-77.0226034,-12.1394243],[-77.0226186,-12.1394344],[-77.0226186,-12.1394381],[-77.0226168,-12.1394405],[-77.0226151,-12.1394413],[-77.0225976,-12.1394441],[-77.0225884,-12.1394444],[-77.0225701,-12.139443],[-77.0225523,-12.1394387],[-77.0225354,-12.1394316],[-77.0225198,-12.139422],[-77.022506,-12.1394101],[-77.0224943,-12.1393962]]]},"properties":{"id":"MZ-BAR-E261B69531","scene":"mz_e261b6","lots":["1137554"],"lotCount":1,"area_m2":104.9,"perimeter_m":51.9,"center":[-12.1393664,-77.0225101],"groupingValid":true}},{"type":"Feature","geometry":{"type":"Polygon","coordinates":[[[-77.0202036,-12.1474675],[-77.0204342,-12.1470236],[-77.0205283,-12.1468383],[-77.0201811,-12.146652],[-77.0201589,-12.1466488],[-77.0201366,-12.146654],[-77.0198268,-12.1468342],[-77.0201065,-12.1476226],[-77.0201297,-12.1476224],[-77.0202036,-12.1474675]]]},"properties":{"id":"MZ-BAR-276FF99C20","scene":"mz_276ff9","lots":["1137573","1137574","1137575","1137576","1137577","1137579","1137580","1137581","1137582","1137615","1137741","1137742"],"lotCount":12,"area_m2":4239.2,"perimeter_m":279.1,"center":[-12.1471471,-77.0201544],"groupingValid":true}},{"type":"Feature","geometry":{"type":"Polygon","coordinates":[[[-77.020041,-12.1476585],[-77.0200404,-12.1476615],[-77.0200374,-12.1476641],[-77.0200336,-12.1476641],[-77.0200313,-12.1476625],[-77.0197604,-12.1469023],[-77.0197609,-12.1468996],[-77.0197632,-12.1468978],[-77.0197658,-12.1468978],[-77.0197681,-12.1468995],[-77.020041,-12.1476585]]]},"properties":{"id":"MZ-BAR-8E026F8B1A","scene":"mz_8e026f","lots":["1137578"],"lotCount":1,"area_m2":90.9,"perimeter_m":181.0,"center":[-12.1472804,-77.0199001],"groupingValid":true}},{"type":"Feature","geometry":{"type":"Polygon","coordinates":[[[-77.0200241,-12.1466136],[-77.0200594,-12.1466636],[-77.0198402,-12.1467912],[-77.0198179,-12.1467247],[-77.0200241,-12.1466136]]]},"properties":{"id":"MZ-BAR-426A1F3C53","scene":"mz_426a1f","lots":["1137585"],"lotCount":1,"area_m2":190.7,"perimeter_m":67.8,"center":[-12.1466942,-77.0199408],"groupingValid":true}},{"type":"Feature","geometry":{"type":"Polygon","coordinates":[[[-77.0231128,-12.1539676],[-77.0228774,-12.1538672],[-77.0229066,-12.1537729],[-77.0217689,-12.1533669],[-77.0216858,-12.153655],[-77.0225769,-12.1539617],[-77.0226085,-12.1539696],[-77.0226341,-12.153979],[-77.0226492,-12.1539902],[-77.022662,-12.1540106],[-77.0226657,-12.1540401],[-77.0231295,-12.1542163],[-77.0231445,-12.1541211],[-77.0231128,-12.1539676]]]},"properties":{"id":"MZ-BAR-C99BCF0226","scene":"mz_c99bcf","lots":["1137586","1137587","1137588","1137589","1137613","1137627","1137628","1137629","1137630","1137631","1137632","1137633","1137634","1137635","1137636","1137637","1137638","1137639","1137640","1137641","1137642","1137643","1137644","1137645","1137646","1137647","1137648","1137649","1137650","1137651","1137702"],"lotCount":31,"area_m2":5204.6,"perimeter_m":403.1,"center":[-12.1537957,-77.0225017],"groupingValid":true}},{"type":"Feature","geometry":{"type":"Polygon","coordinates":[[[-77.0213667,-12.1529659],[-77.0215693,-12.152208],[-77.021555,-12.1521766],[-77.0212132,-12.1520106],[-77.0211694,-12.1522954],[-77.0210779,-12.1522827],[-77.0210457,-12.1525606],[-77.0209996,-12.1525326],[-77.021026,-12.1522555],[-77.0210517,-12.1522594],[-77.0210562,-12.1522266],[-77.0211168,-12.152235],[-77.0211515,-12.1519807],[-77.0204045,-12.1516173],[-77.0203337,-12.1515823],[-77.0202798,-12.1515567],[-77.0201403,-12.1514882],[-77.0200893,-12.15161],[-77.0204775,-12.1518077],[-77.0205192,-12.1518283],[-77.020636,-12.1518885],[-77.0209492,-12.1520477],[-77.0209443,-12.1520873],[-77.0206515,-12.1519386],[-77.0203714,-12.1517944],[-77.0201945,-12.1517087],[-77.0201704,-12.1517507],[-77.0200549,-12.1516916],[-77.0200199,-12.1517749],[-77.0199781,-12.1519837],[-77.0200104,-12.1520009],[-77.0199796,-12.1521808],[-77.0199888,-12.1522124],[-77.0200082,-12.1522337],[-77.0201307,-12.1523006],[-77.0204973,-12.1524984],[-77.020817,-12.1526723],[-77.0209781,-12.1527587],[-77.0211372,-12.1528457],[-77.0213667,-12.1529659]]]},"properties":{"id":"MZ-BAR-0908500C50","scene":"mz_090850","lots":["1137590","1137591","1137592","1137593","1137594","1137595","1137596","1137597","1137600","1137614","1137616","1137655","1137656","1137657","1137658","1137659","1137660","1137661","1137662","1137664","1137665","1137667","1137668","1137669","1137670","1137672","1137674","1137676","1137677","1137679","1137680","1137681","1137682","1137683","1137684","1137686","1137687","1137688","1137689","1137690","1137691","1137692","1137693","1137694","1137695","1137703","1137704","1139005","1139006","1139007","1139008","1139009","1139010","1139011","1139012","1139013","1139014","1139015","1139016"],"lotCount":59,"area_m2":13765.3,"perimeter_m":874.7,"center":[-12.1522225,-77.0205604],"groupingValid":true}},{"type":"Feature","geometry":{"type":"Polygon","coordinates":[[[-77.0229345,-12.1555083],[-77.0229379,-12.1555032],[-77.0229411,-12.1555015],[-77.0229515,-12.1555071],[-77.0230356,-12.1561911],[-77.0230339,-12.1561939],[-77.0230313,-12.1561956],[-77.0230279,-12.1561962],[-77.0230244,-12.1561957],[-77.0230204,-12.1561918],[-77.0229345,-12.1555083]]]},"properties":{"id":"MZ-BAR-729803B36C","scene":"mz_729803","lots":["1137611"],"lotCount":1,"area_m2":134.7,"perimeter_m":156.9,"center":[-12.1558497,-77.0229855],"groupingValid":true}},{"type":"Feature","geometry":{"type":"Polygon","coordinates":[[[-77.0228094,-12.1554341],[-77.0228128,-12.155429],[-77.0228162,-12.1554279],[-77.0228266,-12.1554329],[-77.0229107,-12.1561174],[-77.0229064,-12.1561214],[-77.022903,-12.1561226],[-77.0228996,-12.1561215],[-77.0228955,-12.1561176],[-77.0228094,-12.1554341]]]},"properties":{"id":"MZ-BAR-175CACA880","scene":"mz_175cac","lots":["1137612"],"lotCount":1,"area_m2":135.6,"perimeter_m":156.9,"center":[-12.1557758,-77.0228606],"groupingValid":true}},{"type":"Feature","geometry":{"type":"Polygon","coordinates":[[[-77.0211233,-12.1538289],[-77.0207713,-12.1550787],[-77.0199907,-12.1547257],[-77.0199749,-12.1547609],[-77.0196843,-12.1546308],[-77.0198926,-12.1535205],[-77.0211233,-12.1538289]]]},"properties":{"id":"MZ-BAR-B89CDB13F0","scene":"mz_b89cdb","lots":["1137626"],"lotCount":1,"area_m2":17617.4,"perimeter_m":539.2,"center":[-12.15423,-77.0203851],"groupingValid":true}},{"type":"Feature","geometry":{"type":"Polygon","coordinates":[[[-77.0227302,-12.1527459],[-77.0227325,-12.1527402],[-77.0227353,-12.152738],[-77.0227396,-12.1527385],[-77.0227468,-12.1527407],[-77.0232221,-12.1540568],[-77.0232207,-12.1540602],[-77.0232184,-12.1540624],[-77.0232159,-12.1540636],[-77.0232124,-12.1540636],[-77.0232075,-12.1540608],[-77.0227302,-12.1527459]]]},"properties":{"id":"MZ-BAR-EDF8EC88E6","scene":"mz_edf8ec","lots":["1137654"],"lotCount":1,"area_m2":275.3,"perimeter_m":313.5,"center":[-12.1534013,-77.0229768],"groupingValid":true}},{"type":"Feature","geometry":{"type":"Polygon","coordinates":[[[-77.0198548,-12.152106],[-77.0198614,-12.1521048],[-77.0198688,-12.152107],[-77.0198732,-12.1521177],[-77.0198224,-12.152461],[-77.0197031,-12.1532391],[-77.0196872,-12.1533375],[-77.019669,-12.1533942],[-77.0196536,-12.1534451],[-77.0196247,-12.1535317],[-77.0196193,-12.1535374],[-77.0196144,-12.1535375],[-77.0196089,-12.1535347],[-77.0196083,-12.1535234],[-77.0196113,-12.153472],[-77.0196236,-12.1533499],[-77.0197869,-12.1524737],[-77.019796,-12.1524188],[-77.0198112,-12.1523458],[-77.0198396,-12.1521926],[-77.0198524,-12.1521343],[-77.0198548,-12.152106]]]},"properties":{"id":"MZ-BAR-DDDB6F676B","scene":"mz_dddb6f","lots":["1137671"],"lotCount":1,"area_m2":708.8,"perimeter_m":324.4,"center":[-12.1528565,-77.0197387],"groupingValid":true}},{"type":"Feature","geometry":{"type":"Polygon","coordinates":[[[-77.022287,-12.1512245],[-77.0222893,-12.1512189],[-77.0222918,-12.1512166],[-77.0222961,-12.1512171],[-77.0223033,-12.1512193],[-77.0228135,-12.1526713],[-77.0228121,-12.1526747],[-77.0228098,-12.152677],[-77.0228072,-12.1526781],[-77.0228038,-12.1526781],[-77.0227989,-12.1526754],[-77.022287,-12.1512245]]]},"properties":{"id":"MZ-BAR-4E6D3A6164","scene":"mz_4e6d3a","lots":["1137696"],"lotCount":1,"area_m2":300.2,"perimeter_m":344.3,"center":[-12.1519479,-77.0225508],"groupingValid":true}},{"type":"Feature","geometry":{"type":"Polygon","coordinates":[[[-77.0221814,-12.1511931],[-77.0221837,-12.1511875],[-77.0221862,-12.1511852],[-77.0221905,-12.1511857],[-77.0221977,-12.1511879],[-77.0226356,-12.1523851],[-77.0226342,-12.1523885],[-77.022632,-12.1523908],[-77.0226294,-12.1523919],[-77.0226259,-12.1523919],[-77.022621,-12.1523891],[-77.0221814,-12.1511931]]]},"properties":{"id":"MZ-BAR-7B07B6995A","scene":"mz_7b07b6","lots":["1137697"],"lotCount":1,"area_m2":248.7,"perimeter_m":285.9,"center":[-12.1517891,-77.0224091],"groupingValid":true}},{"type":"Feature","geometry":{"type":"Polygon","coordinates":[[[-77.0228883,-12.150457],[-77.0228877,-12.1504525],[-77.0228888,-12.1504446],[-77.0228917,-12.1504406],[-77.0228956,-12.1504372],[-77.0228994,-12.1504366],[-77.0230486,-12.1504677],[-77.0230521,-12.1504699],[-77.0230553,-12.150475],[-77.0230544,-12.1504823],[-77.0230505,-12.1504891],[-77.023047,-12.1504909],[-77.0230427,-12.1504903],[-77.0228883,-12.150457]]]},"properties":{"id":"MZ-BAR-583F7739E2","scene":"mz_583f77","lots":["1137699"],"lotCount":1,"area_m2":45.7,"perimeter_m":40.4,"center":[-12.1504624,-77.022968],"groupingValid":true}},{"type":"Feature","geometry":{"type":"Polygon","coordinates":[[[-77.020136,-12.1503836],[-77.0201381,-12.1503812],[-77.0201414,-12.1503803],[-77.0201442,-12.1503814],[-77.0201461,-12.1503846],[-77.0199815,-12.1512488],[-77.0199391,-12.1515922],[-77.019938,-12.1515953],[-77.0199346,-12.1515988],[-77.0199317,-12.1516001],[-77.0199274,-12.1516003],[-77.0199268,-12.1515991],[-77.0199516,-12.1514075],[-77.0199738,-12.1512466],[-77.020136,-12.1503836]]]},"properties":{"id":"MZ-BAR-4BF15EC1B6","scene":"mz_4bf15e","lots":["1137707"],"lotCount":1,"area_m2":138.5,"perimeter_m":275.4,"center":[-12.1508156,-77.0200594],"groupingValid":true}},{"type":"Feature","geometry":{"type":"Polygon","coordinates":[[[-77.022268,-12.1511004],[-77.0222537,-12.151105],[-77.0219574,-12.1502644],[-77.0219717,-12.1502598],[-77.022268,-12.1511004]]]},"properties":{"id":"MZ-BAR-DD205C3176","scene":"mz_dd205c","lots":["1137708"],"lotCount":1,"area_m2":161.5,"perimeter_m":200.2,"center":[-12.1506824,-77.0221127],"groupingValid":true}},{"type":"Feature","geometry":{"type":"Polygon","coordinates":[[[-77.0221475,-12.151038],[-77.0221332,-12.1510427],[-77.0218225,-12.1501575],[-77.0218368,-12.1501529],[-77.0221475,-12.151038]]]},"properties":{"id":"MZ-BAR-D461618EF0","scene":"mz_d46161","lots":["1137709"],"lotCount":1,"area_m2":170.0,"perimeter_m":210.5,"center":[-12.1505978,-77.021985],"groupingValid":true}},{"type":"Feature","geometry":{"type":"Polygon","coordinates":[[[-77.0226082,-12.1502749],[-77.0222441,-12.1494184],[-77.0222363,-12.1494173],[-77.021793,-12.1495584],[-77.0217873,-12.1495652],[-77.0219551,-12.1500385],[-77.0226082,-12.1502749]]]},"properties":{"id":"MZ-BAR-A3572B188E","scene":"mz_a3572b","lots":["1137710","1137711","1137712","1137713","1137714","1137715","1137716","1137717","1137718","1137719"],"lotCount":10,"area_m2":4323.2,"perimeter_m":286.5,"center":[-12.1498777,-77.0221688],"groupingValid":true}},{"type":"Feature","geometry":{"type":"Polygon","coordinates":[[[-77.0215061,-12.1493296],[-77.0217235,-12.149965],[-77.0217229,-12.1499725],[-77.0217211,-12.1499795],[-77.0217184,-12.1499856],[-77.0217152,-12.1499905],[-77.0217108,-12.1499955],[-77.0217051,-12.1500001],[-77.021698,-12.1500039],[-77.0216928,-12.1500057],[-77.0216845,-12.1500072],[-77.0216779,-12.1500072],[-77.0208962,-12.149675],[-77.0210765,-12.1491925],[-77.0215061,-12.1493296]]]},"properties":{"id":"MZ-BAR-6588E55AA8","scene":"mz_6588e5","lots":["1137720"],"lotCount":1,"area_m2":4479.9,"perimeter_m":280.6,"center":[-12.1495018,-77.0212622],"groupingValid":true}},{"type":"Feature","geometry":{"type":"Polygon","coordinates":[[[-77.0222883,-12.149338],[-77.0224727,-12.1492488],[-77.0224307,-12.1491078],[-77.0224244,-12.1491103],[-77.0224118,-12.1490863],[-77.0225044,-12.1490284],[-77.0222678,-12.1487138],[-77.0220486,-12.1483918],[-77.0220233,-12.1484781],[-77.0220236,-12.1485299],[-77.0219919,-12.1486117],[-77.0219903,-12.148619],[-77.0219895,-12.1486297],[-77.0219911,-12.1486438],[-77.0219939,-12.1486528],[-77.0222883,-12.149338]]]},"properties":{"id":"MZ-BAR-352BB34B02","scene":"mz_352bb3","lots":["1137721","1137722","1137724","1137725"],"lotCount":4,"area_m2":2459.9,"perimeter_m":252.8,"center":[-12.1487942,-77.0221914],"groupingValid":true}},{"type":"Feature","geometry":{"type":"Polygon","coordinates":[[[-77.0228695,-12.1489861],[-77.0228654,-12.1489876],[-77.0228611,-12.1489861],[-77.0228587,-12.1489821],[-77.0228596,-12.1489777],[-77.0229887,-12.1488417],[-77.0229922,-12.14884],[-77.0229965,-12.1488413],[-77.0229985,-12.1488449],[-77.0229974,-12.1488492],[-77.0228695,-12.1489861]]]},"properties":{"id":"MZ-BAR-805CDE343D","scene":"mz_805cde","lots":["1137723"],"lotCount":1,"area_m2":28.8,"perimeter_m":45.1,"center":[-12.1489135,-77.022929],"groupingValid":true}},{"type":"Feature","geometry":{"type":"Polygon","coordinates":[[[-77.022464,-12.1488358],[-77.0221242,-12.1483858],[-77.0221513,-12.1483664],[-77.0225151,-12.1488049],[-77.022464,-12.1488358]]]},"properties":{"id":"MZ-BAR-2628D55178","scene":"mz_2628d5","lots":["1137726"],"lotCount":1,"area_m2":316.0,"perimeter_m":134.8,"center":[-12.1485954,-77.0223119],"groupingValid":true}},{"type":"Feature","geometry":{"type":"Polygon","coordinates":[[[-77.020167,-12.148416],[-77.0201686,-12.1484129],[-77.0201722,-12.1484114],[-77.0201756,-12.1484123],[-77.0201778,-12.1484154],[-77.0202348,-12.1492507],[-77.0202373,-12.1493455],[-77.0202355,-12.1493483],[-77.020233,-12.1493492],[-77.0202297,-12.1493481],[-77.0202282,-12.1493451],[-77.0202244,-12.1492536],[-77.020167,-12.148416]]]},"properties":{"id":"MZ-BAR-F7E01CC2D2","scene":"mz_f7e01c","lots":["1137727"],"lotCount":1,"area_m2":119.5,"perimeter_m":209.2,"center":[-12.1488333,-77.020201],"groupingValid":true}},{"type":"Feature","geometry":{"type":"Polygon","coordinates":[[[-77.0221216,-12.1482105],[-77.0221818,-12.1480205],[-77.0221954,-12.1479898],[-77.0221997,-12.1479823],[-77.0222036,-12.1479774],[-77.0222128,-12.1479687],[-77.0222237,-12.1479622],[-77.0222344,-12.1479584],[-77.0222438,-12.1479569],[-77.0222552,-12.147957],[-77.0222671,-12.1479595],[-77.0222782,-12.1479643],[-77.0222862,-12.1479696],[-77.0222966,-12.1479803],[-77.0223023,-12.1479896],[-77.0224584,-12.1482788],[-77.0229967,-12.148593],[-77.0230052,-12.148577],[-77.0230489,-12.1486063],[-77.0229306,-12.1488026],[-77.0229755,-12.1488278],[-77.02282,-12.1489886],[-77.0224668,-12.1486686],[-77.0223644,-12.1485643],[-77.0222602,-12.1484447],[-77.0222454,-12.1484251],[-77.0222108,-12.148366],[-77.0221831,-12.148312],[-77.022169,-12.1482737],[-77.0221602,-12.1482539],[-77.0221591,-12.1482427],[-77.02216,-12.1482369],[-77.0221639,-12.1482269],[-77.0221216,-12.1482105]]]},"properties":{"id":"MZ-BAR-74E813C4C9","scene":"mz_74e813","lots":["1137728"],"lotCount":1,"area_m2":4226.6,"perimeter_m":325.4,"center":[-12.1485026,-77.0225754],"groupingValid":true}},{"type":"Feature","geometry":{"type":"Polygon","coordinates":[[[-77.019234,-12.1455045],[-77.0192345,-12.1455001],[-77.0192357,-12.1454976],[-77.0192385,-12.1454948],[-77.0192418,-12.1454931],[-77.019246,-12.1454927],[-77.0192494,-12.1454936],[-77.0192523,-12.1454955],[-77.0192543,-12.1454977],[-77.0194372,-12.1459606],[-77.0194352,-12.1459978],[-77.019502,-12.1461779],[-77.0195017,-12.1461802],[-77.0194998,-12.1461821],[-77.0194967,-12.1461822],[-77.0194943,-12.1461797],[-77.0194145,-12.1459701],[-77.019234,-12.1455045]]]},"properties":{"id":"MZ-BAR-2A79797BF9","scene":"mz_2a7979","lots":["1137729"],"lotCount":1,"area_m2":166.5,"perimeter_m":164.7,"center":[-12.1457326,-77.0193347],"groupingValid":true}},{"type":"Feature","geometry":{"type":"Polygon","coordinates":[[[-77.0231812,-12.1498039],[-77.0232924,-12.1498986],[-77.023378,-12.1499471],[-77.0234466,-12.1498666],[-77.0233647,-12.1498012],[-77.023353,-12.1498132],[-77.0232313,-12.1497076],[-77.023179,-12.1496611],[-77.0232197,-12.1496263],[-77.023106,-12.1494983],[-77.0231868,-12.1494223],[-77.0231057,-12.1493436],[-77.0228653,-12.1491448],[-77.0227718,-12.1491105],[-77.0225348,-12.1488297],[-77.0224854,-12.1488634],[-77.0227047,-12.1491561],[-77.0229778,-12.1495432],[-77.0230111,-12.1495888],[-77.023033,-12.1496167],[-77.0230595,-12.1496522],[-77.0230839,-12.1496877],[-77.0231812,-12.1498039]]]},"properties":{"id":"MZ-BAR-C1755A7BB5","scene":"mz_c1755a","lots":["1137745","1137746","1137747","1137748","1137783","1137789"],"lotCount":6,"area_m2":2140.3,"perimeter_m":347.0,"center":[-12.149396,-77.0230167],"groupingValid":true}},{"type":"Feature","geometry":{"type":"Polygon","coordinates":[[[-77.022806,-12.1559562],[-77.0227624,-12.1555979],[-77.0227526,-12.1554382],[-77.0227637,-12.1553901],[-77.0227627,-12.1553731],[-77.0227549,-12.1553551],[-77.0227456,-12.155341],[-77.0227349,-12.155331],[-77.0227106,-12.155317],[-77.0216786,-12.1549275],[-77.0214012,-12.1548239],[-77.0213524,-12.1548491],[-77.0211975,-12.1553558],[-77.0217449,-12.1556099],[-77.0218485,-12.155362],[-77.0218621,-12.1553565],[-77.0218798,-12.1553108],[-77.0218975,-12.1552712],[-77.021907,-12.1552526],[-77.0219292,-12.1552545],[-77.0219408,-12.1552709],[-77.0219367,-12.1552887],[-77.0219003,-12.1553727],[-77.0218773,-12.1554218],[-77.0218504,-12.1554196],[-77.0218295,-12.1554655],[-77.0217967,-12.1555438],[-77.0217642,-12.1556183],[-77.021954,-12.1557084],[-77.022041,-12.1557473],[-77.0221212,-12.1557844],[-77.0221821,-12.1556651],[-77.0221175,-12.1556368],[-77.0221265,-12.1556142],[-77.0221923,-12.1556432],[-77.0222132,-12.15559],[-77.022251,-12.1555018],[-77.022167,-12.1554635],[-77.0221759,-12.1554394],[-77.0223797,-12.1555274],[-77.0223687,-12.1555495],[-77.022308,-12.1555237],[-77.0222373,-12.1556579],[-77.0222982,-12.1556832],[-77.0222868,-12.1557089],[-77.0222254,-12.1556848],[-77.022161,-12.155803],[-77.0227961,-12.1560987],[-77.0228247,-12.1560751],[-77.022806,-12.1559562]]]},"properties":{"id":"MZ-BAR-B3EBA70ABC","scene":"mz_b3eba7","lots":["1137749","1137750","1137751","1137752","1137753","1137754","1137755","1137756","1137757","1137758","1137759","1137760","1137761","1137762","1137763","1137764","1137765","1137766","1137767","1137768","1137769","1137770","1137771","1137772","1137773","1137774","1137775","1137776","1137777","1137778","1137779","1137780","1137781","1137782","1137784","1137785","1137786","1137787","1137788","1139004","1139129","1139131","1139132"],"lotCount":43,"area_m2":11859.7,"perimeter_m":733.0,"center":[-12.1554572,-77.0224877],"groupingValid":true}},{"type":"Feature","geometry":{"type":"Polygon","coordinates":[[[-77.0209712,-12.155252],[-77.0211123,-12.1553182],[-77.0211447,-12.1553045],[-77.0213019,-12.1548011],[-77.0212841,-12.1547656],[-77.0210633,-12.1546842],[-77.0210223,-12.1547046],[-77.0208868,-12.1551826],[-77.0208849,-12.1552001],[-77.0208983,-12.155217],[-77.0209712,-12.155252]]]},"properties":{"id":"MZ-BAR-3C803D63FA","scene":"mz_3c803d","lots":["1137790","1137791","1137811","1137812","1137813","1137814","1137815","1137816","1137817","1137825","1137905"],"lotCount":11,"area_m2":1962.9,"perimeter_m":182.2,"center":[-12.1549996,-77.0210894],"groupingValid":true}},{"type":"Feature","geometry":{"type":"Polygon","coordinates":[[[-77.021328,-12.1546592],[-77.0218241,-12.1529141],[-77.0217076,-12.1528335],[-77.0217146,-12.1528113],[-77.0218319,-12.1528872],[-77.021856,-12.1528178],[-77.0219826,-12.1523859],[-77.0217237,-12.1522562],[-77.0216966,-12.1522673],[-77.0216476,-12.1524392],[-77.0216152,-12.1525586],[-77.0215889,-12.1526475],[-77.0215717,-12.1527144],[-77.0217076,-12.1527929],[-77.0216982,-12.1528168],[-77.0215623,-12.1527411],[-77.0215246,-12.1528734],[-77.0214751,-12.1530522],[-77.0214001,-12.1533155],[-77.0213764,-12.1534032],[-77.0210748,-12.1544753],[-77.0210416,-12.1545897],[-77.0212863,-12.1546817],[-77.021328,-12.1546592]]]},"properties":{"id":"MZ-BAR-E786E3D3C4","scene":"mz_e786e3","lots":["1137792","1137793","1137794","1137795","1137796","1137802","1137805","1137807","1137810","1137818","1137819","1137820","1137821","1137822","1137823","1137824","1137827","1137828","1137829","1137830","1137831","1137832","1137833","1137834","1137835","1137838","1137841","1137843","1137845","1137848","1137849","1137856","1137862","1137864","1137869","1137875","1137883","1137886","1137888","1137890","1137892","1137893","1137896","1137897","1137898","1137900","1137901","1137906","1137907","1137910","1137911","1139002","1139003","1139108","1139109","1139110","1139112","1139113","1139114","1139115","1139118","1139119","1139140"],"lotCount":63,"area_m2":8584.7,"perimeter_m":660.8,"center":[-12.1534695,-77.021512],"groupingValid":true}},{"type":"Feature","geometry":{"type":"Polygon","coordinates":[[[-77.022921,-12.1534297],[-77.0229028,-12.1533798],[-77.0228044,-12.1530975],[-77.0226022,-12.1525429],[-77.0225674,-12.1525262],[-77.0223953,-12.1525868],[-77.0220625,-12.1524236],[-77.0220414,-12.1524327],[-77.0219559,-12.1527249],[-77.0222315,-12.1528556],[-77.0222233,-12.1528863],[-77.0219474,-12.152761],[-77.0218959,-12.1529322],[-77.022159,-12.1530989],[-77.0221512,-12.1531146],[-77.0218908,-12.1529495],[-77.0218704,-12.1530262],[-77.0217982,-12.1532775],[-77.0220851,-12.1533918],[-77.0220684,-12.1534378],[-77.0229332,-12.1537481],[-77.0229561,-12.1536395],[-77.0230086,-12.1536617],[-77.022921,-12.1534297]]]},"properties":{"id":"MZ-BAR-1DE0EF522B","scene":"mz_1de0ef","lots":["1137797","1137798","1137799","1137804","1137808","1137809","1137836","1137837","1137839","1137840","1137842","1137844","1137846","1137847","1137850","1137851","1137853","1137857","1137858","1137860","1137865","1137866","1137867","1137870","1137871","1137873","1137874","1137876","1137878","1137879","1137880","1137882","1137885","1137895","1137899","1137908","1137909","1139111","1139133","1139134","1139135","1139136","1139137","1139138","1139139"],"lotCount":45,"area_m2":10827.8,"perimeter_m":587.1,"center":[-12.1530874,-77.0224722],"groupingValid":true}},{"type":"Feature","geometry":{"type":"Polygon","coordinates":[[[-77.0206398,-12.1535785],[-77.0208411,-12.1528309],[-77.0205044,-12.1526492],[-77.0204735,-12.1526624],[-77.0202667,-12.1534824],[-77.0206398,-12.1535785]]]},"properties":{"id":"MZ-BAR-ECF01B1F1A","scene":"mz_ecf01b","lots":["1137800","1137801","1137803","1137806","1137852","1137854","1137855","1137859","1137861","1137863","1137868","1137872","1137877","1137881","1137884","1137887","1137889","1137891","1137894"],"lotCount":19,"area_m2":3883.8,"perimeter_m":266.5,"center":[-12.153112,-77.0205629],"groupingValid":true}},{"type":"Feature","geometry":{"type":"Polygon","coordinates":[[[-77.0225884,-12.1518158],[-77.0226019,-12.1518151],[-77.0226811,-12.1513632],[-77.0223921,-12.1512529],[-77.0225884,-12.1518158]]]},"properties":{"id":"MZ-BAR-D440BC3EEF","scene":"mz_d440bc","lots":["1137826","1137902","1137903","1137904"],"lotCount":4,"area_m2":886.4,"perimeter_m":151.8,"center":[-12.1515118,-77.0225688],"groupingValid":true}},{"type":"Feature","geometry":{"type":"Polygon","coordinates":[[[-77.0228159,-12.1552243],[-77.0228677,-12.1550727],[-77.0226323,-12.1549857],[-77.0225499,-12.1549543],[-77.02256,-12.1549294],[-77.0226502,-12.154962],[-77.0228774,-12.1550466],[-77.0229227,-12.1549119],[-77.0231241,-12.1542353],[-77.0226597,-12.1540591],[-77.0226538,-12.1540738],[-77.0226464,-12.1540846],[-77.0226288,-12.1540983],[-77.0226006,-12.1541007],[-77.022584,-12.1540958],[-77.0225663,-12.1540823],[-77.0225565,-12.1540672],[-77.0225479,-12.1540183],[-77.0216746,-12.1537454],[-77.0215132,-12.1543041],[-77.0213874,-12.1546844],[-77.0214098,-12.1547265],[-77.0227751,-12.1552424],[-77.0228159,-12.1552243]]]},"properties":{"id":"MZ-BAR-6F85973D7B","scene":"mz_6f8597","lots":["1137912","1137913","1137914","1137915","1137916","1137917","1137918","1137919","1137920","1137921","1137922","1137923","1137924","1137925","1137926","1137927","1137928","1137929","1137930","1137931","1137932","1137933","1137934","1137935","1137936","1137937","1137938","1137939","1137940","1137941","1137942","1137943","1137944","1137945","1139126"],"lotCount":35,"area_m2":19140.4,"perimeter_m":640.6,"center":[-12.1544752,-77.0222544],"groupingValid":true}},{"type":"Feature","geometry":{"type":"Polygon","coordinates":[[[-77.0228741,-12.1503442],[-77.0228538,-12.1503347],[-77.0229312,-12.1501783],[-77.0230336,-12.1499855],[-77.022995,-12.1499654],[-77.0230561,-12.1499215],[-77.0230431,-12.1499041],[-77.0231139,-12.1498561],[-77.022631,-12.1491965],[-77.0226213,-12.1492039],[-77.0225102,-12.1490612],[-77.0224503,-12.149104],[-77.0225123,-12.1491915],[-77.0225032,-12.1491976],[-77.0225574,-12.1492705],[-77.0222952,-12.1493961],[-77.0226798,-12.1503095],[-77.0228453,-12.1503658],[-77.0228741,-12.1503442]]]},"properties":{"id":"MZ-BAR-8365948154","scene":"mz_836594","lots":["1137946","1137956","1137958","1137960","1138099","1138102","1138103","1138105","1138106","1138107","1138108","1138109","1138110","1138112","1138113"],"lotCount":15,"area_m2":5981.4,"perimeter_m":376.9,"center":[-12.1497206,-77.0227229],"groupingValid":true}},{"type":"Feature","geometry":{"type":"Polygon","coordinates":[[[-77.0201055,-12.1512799],[-77.0202465,-12.1510156],[-77.0202734,-12.1509714],[-77.0202911,-12.1509277],[-77.0204391,-12.1504877],[-77.0202304,-12.15041],[-77.0202173,-12.1504176],[-77.0201406,-12.150878],[-77.0201475,-12.1508802],[-77.0200686,-12.1512558],[-77.0201055,-12.1512799]]]},"properties":{"id":"MZ-BAR-644C8644AC","scene":"mz_644c86","lots":["1137947","1137977","1137986","1138063","1138072","1138075","1138086"],"lotCount":7,"area_m2":1563.5,"perimeter_m":220.8,"center":[-12.150846,-77.0202324],"groupingValid":true}},{"type":"Feature","geometry":{"type":"Polygon","coordinates":[[[-77.0226595,-12.1512392],[-77.022766,-12.150743],[-77.0227828,-12.1506553],[-77.0228151,-12.1505116],[-77.0228144,-12.1505043],[-77.022813,-12.1504998],[-77.0228086,-12.1504925],[-77.0228048,-12.150488],[-77.0228019,-12.1504857],[-77.0223259,-12.1503197],[-77.0220557,-12.1502213],[-77.0220325,-12.1502434],[-77.0220885,-12.1504],[-77.0223423,-12.151124],[-77.0226595,-12.1512392]]]},"properties":{"id":"MZ-BAR-15C0CB05A1","scene":"mz_15c0cb","lots":["1137948","1137953","1137979","1138053","1138054","1138056","1138060","1138070","1138071","1138077","1138083","1138096","1138097"],"lotCount":13,"area_m2":5369.0,"perimeter_m":315.4,"center":[-12.1507109,-77.0224853],"groupingValid":true}},{"type":"Feature","geometry":{"type":"Polygon","coordinates":[[[-77.0225616,-12.1524356],[-77.0221066,-12.151138],[-77.021962,-12.1510824],[-77.021965,-12.1511424],[-77.0219702,-12.1512079],[-77.0219991,-12.1511981],[-77.0220373,-12.1513142],[-77.0218604,-12.1513449],[-77.0218974,-12.1512863],[-77.0219372,-12.1512129],[-77.0219317,-12.1510687],[-77.0218829,-12.1510521],[-77.0216563,-12.1509637],[-77.0215856,-12.151267],[-77.0216037,-12.1512725],[-77.0216014,-12.1512818],[-77.0215086,-12.1512538],[-77.0215109,-12.1512449],[-77.0215739,-12.1512634],[-77.0216462,-12.1509586],[-77.021559,-12.1509257],[-77.0211833,-12.1507787],[-77.0208389,-12.1506462],[-77.0205463,-12.1505348],[-77.0204328,-12.1507983],[-77.0203509,-12.1510226],[-77.0203112,-12.1510953],[-77.0204313,-12.1511404],[-77.0204215,-12.1511654],[-77.0204609,-12.1511848],[-77.0204416,-12.1512188],[-77.0205119,-12.1512474],[-77.0210313,-12.151482],[-77.0210289,-12.1515242],[-77.0208539,-12.1514449],[-77.0205149,-12.1512928],[-77.0205041,-12.1513102],[-77.0204168,-12.1512661],[-77.0203812,-12.1513343],[-77.0202258,-12.1512602],[-77.0201525,-12.151398],[-77.0208397,-12.1517336],[-77.0209823,-12.1518021],[-77.0214272,-12.1520197],[-77.021762,-12.1521821],[-77.0218688,-12.151716],[-77.0219144,-12.1517316],[-77.0218038,-12.1522027],[-77.0223996,-12.1524915],[-77.0225616,-12.1524356]]]},"properties":{"id":"MZ-BAR-C259AC6CBD","scene":"mz_c259ac","lots":["1137949","1137970","1137971","1137972","1137973","1137974","1137975","1137976","1137978","1137980","1137983","1137984","1138014","1138015","1138016","1138017","1138018","1138019","1138020","1138021","1138022","1138023","1138024","1138025","1138026","1138027","1138028","1138029","1138030","1138031","1138032","1138033","1138034","1138035","1138036","1138037","1138038","1138039","1138040","1138041","1138042","1138043","1138044","1138045","1138046","1138047","1138048","1138049","1138050","1138051","1138052","1138055","1138057","1138058","1138059","1138061","1138062","1138064","1138065","1138066","1138067","1138068","1138069","1138073","1138074","1138076","1138078","1138079","1138089","1138090","1138091","1138092","1138093","1139143","1139144","1139145","1139146","1139147"],"lotCount":78,"area_m2":26007.2,"perimeter_m":1189.0,"center":[-12.1515077,-77.0216321],"groupingValid":true}},{"type":"Feature","geometry":{"type":"Polygon","coordinates":[[[-77.0220271,-12.1509996],[-77.0220554,-12.1509725],[-77.021898,-12.1505237],[-77.0215327,-12.1503879],[-77.0215394,-12.150371],[-77.0216686,-12.1504217],[-77.0218909,-12.1505064],[-77.0218284,-12.1503301],[-77.0217515,-12.1500944],[-77.0215821,-12.1500246],[-77.0212466,-12.1498835],[-77.0208708,-12.149727],[-77.0208533,-12.1497215],[-77.020834,-12.1497114],[-77.0205662,-12.1504381],[-77.0220271,-12.1509996]]]},"properties":{"id":"MZ-BAR-0FE80384DA","scene":"mz_0fe803","lots":["1137950","1137951","1137952","1137954","1137955","1137957","1137959","1137981","1138080","1138081","1138082","1138084","1138085","1138094","1138095","1138098","1138100","1138101","1138104"],"lotCount":19,"area_m2":11768.2,"perimeter_m":555.3,"center":[-12.150354,-77.0212153],"groupingValid":true}},{"type":"Feature","geometry":{"type":"Polygon","coordinates":[[[-77.0228875,-12.1484214],[-77.0230462,-12.1481147],[-77.0230422,-12.148103],[-77.0223589,-12.1477369],[-77.0223468,-12.1477403],[-77.0222877,-12.1478481],[-77.0223663,-12.1479027],[-77.0225492,-12.1482177],[-77.0228359,-12.1483896],[-77.0228875,-12.1484214]]]},"properties":{"id":"MZ-BAR-18C7E58E50","scene":"mz_18c7e5","lots":["1137961","1137962","1137963","1138115","1138116","1138117","1138118","1138119","1138120"],"lotCount":9,"area_m2":2664.5,"perimeter_m":232.9,"center":[-12.148066,-77.0227157],"groupingValid":true}},{"type":"Feature","geometry":{"type":"Polygon","coordinates":[[[-77.0211866,-12.1535979],[-77.0212127,-12.1535018],[-77.021288,-12.1532414],[-77.0213109,-12.153157],[-77.0213294,-12.1530925],[-77.021142,-12.1529916],[-77.0209561,-12.1528891],[-77.0207646,-12.1536079],[-77.021018,-12.1536708],[-77.0210473,-12.15356],[-77.0210737,-12.1535677],[-77.0210447,-12.1536775],[-77.0211314,-12.1536977],[-77.0211636,-12.1536795],[-77.0211866,-12.1535979]]]},"properties":{"id":"MZ-BAR-48560C069D","scene":"mz_48560c","lots":["1137964","1137965","1137966","1137967","1137987","1137988","1137989","1137990","1137991","1137992","1137993","1137994","1137996","1137997","1138000","1138002","1138004","1139125"],"lotCount":18,"area_m2":3349.5,"perimeter_m":266.5,"center":[-12.1532768,-77.0210654],"groupingValid":true}},{"type":"Feature","geometry":{"type":"Polygon","coordinates":[[[-77.0201926,-12.1532521],[-77.0202165,-12.1531635],[-77.0202371,-12.1530769],[-77.0203598,-12.1525964],[-77.0203423,-12.1525576],[-77.0199564,-12.152352],[-77.0198074,-12.1533516],[-77.0198227,-12.1533756],[-77.0201415,-12.1534527],[-77.0201926,-12.1532521]]]},"properties":{"id":"MZ-BAR-7A74A7C2DF","scene":"mz_7a74a7","lots":["1137968","1137969","1137982","1137995","1137998","1137999","1138001","1138003","1138005","1138006","1138007","1138008","1138009","1138010","1138011","1138012","1138013","1138087","1138088"],"lotCount":19,"area_m2":4612.4,"perimeter_m":300.8,"center":[-12.1528644,-77.0200855],"groupingValid":true}},{"type":"Feature","geometry":{"type":"Polygon","coordinates":[[[-77.0217653,-12.1493352],[-77.0217574,-12.149373],[-77.021757,-12.1493974],[-77.0217602,-12.149411],[-77.0217638,-12.1494197],[-77.0217736,-12.1494264],[-77.0217853,-12.149428],[-77.0222083,-12.1492961],[-77.0219708,-12.1487436],[-77.021782,-12.1492771],[-77.0217653,-12.1493352]]]},"properties":{"id":"MZ-BAR-50622EDCF5","scene":"mz_50622e","lots":["1137985","1138111","1138114"],"lotCount":3,"area_m2":1810.4,"perimeter_m":196.0,"center":[-12.1491149,-77.0219845],"groupingValid":true}},{"type":"Feature","geometry":{"type":"Polygon","coordinates":[[[-77.0248806,-12.1432711],[-77.0249347,-12.1431772],[-77.0249825,-12.1430896],[-77.0250284,-12.143001],[-77.0250723,-12.1429115],[-77.0251143,-12.1428211],[-77.0251543,-12.1427298],[-77.0251923,-12.1426376],[-77.0252282,-12.1425447],[-77.025233,-12.142537],[-77.0252392,-12.1425304],[-77.0252467,-12.1425252],[-77.0252551,-12.1425216],[-77.025264,-12.1425197],[-77.0252732,-12.1425196],[-77.0252822,-12.1425214],[-77.0252906,-12.142525],[-77.0252981,-12.1425302],[-77.0253044,-12.1425367],[-77.0253092,-12.1425444],[-77.0253123,-12.1425529],[-77.0253136,-12.1425619],[-77.0253126,-12.1425732],[-77.0253129,-12.1426093],[-77.0253103,-12.1426454],[-77.0253064,-12.1426722],[-77.0253029,-12.14269],[-77.0252988,-12.1427076],[-77.0252912,-12.1427336],[-77.0252786,-12.1427676],[-77.0252713,-12.1427842],[-77.0252591,-12.1428085],[-77.0252455,-12.1428321],[-77.0252356,-12.1428473],[-77.0252197,-12.1428694],[-77.0252025,-12.1428906],[-77.025191,-12.1429034],[-77.0251632,-12.1429285],[-77.0251368,-12.1429537],[-77.0250986,-12.1429928],[-77.0250562,-12.1430403],[-77.0250161,-12.1430898],[-77.0249785,-12.1431411],[-77.0249483,-12.1431864],[-77.02492,-12.143233],[-77.0248937,-12.1432806],[-77.024885,-12.1432811],[-77.0248806,-12.1432711]]]},"properties":{"id":"MZ-BAR-36C2A465FF","scene":"mz_36c2a4","lots":["1138121"],"lotCount":1,"area_m2":757.6,"perimeter_m":198.3,"center":[-12.1429004,-77.0251358],"groupingValid":true}},{"type":"Feature","geometry":{"type":"Polygon","coordinates":[[[-77.0247859,-12.137693],[-77.0252108,-12.1384483],[-77.0252695,-12.1384161],[-77.025353,-12.1383689],[-77.0257823,-12.1381246],[-77.0256648,-12.1379221],[-77.02564,-12.1378658],[-77.025606,-12.1377304],[-77.0255015,-12.1372031],[-77.0254816,-12.1370813],[-77.0254573,-12.1369786],[-77.0254112,-12.1368763],[-77.0253622,-12.1367974],[-77.0253468,-12.1367766],[-77.0253253,-12.1367514],[-77.0252947,-12.1367232],[-77.0252687,-12.136704],[-77.0252137,-12.1366715],[-77.025139,-12.1366376],[-77.0250256,-12.1366009],[-77.0248973,-12.1365727],[-77.0247831,-12.1365644],[-77.0247745,-12.1365644],[-77.0247579,-12.1365668],[-77.0247498,-12.1365691],[-77.0247404,-12.1365731],[-77.024727,-12.13658],[-77.0247138,-12.1365908],[-77.0247027,-12.1366034],[-77.0246982,-12.1366102],[-77.0245741,-12.1370505],[-77.0245235,-12.1372277],[-77.0247859,-12.137693]]]},"properties":{"id":"MZ-BAR-1C023629A0","scene":"mz_1c0236","lots":["1138122","1138123","1138124","1138125","1138126","1138127","1138128","1138129","1138130","1138131","1138132","1138133","1138134","1138135","1138136","1138137","1138138","1138139","1138140","1138141","1138142","1138193","1138201","1138202","1138203","1138204","1138205","1138206","1138207","1138208","1138212"],"lotCount":31,"area_m2":16419.4,"perimeter_m":533.9,"center":[-12.1374767,-77.0251103],"groupingValid":true}},{"type":"Feature","geometry":{"type":"Polygon","coordinates":[[[-77.0238368,-12.1463592],[-77.0240772,-12.1458107],[-77.0241557,-12.1448035],[-77.0241244,-12.1447675],[-77.0234552,-12.1447097],[-77.023192,-12.1446862],[-77.0231538,-12.1446998],[-77.0231491,-12.144738],[-77.0231401,-12.1448363],[-77.0230615,-12.1457243],[-77.023023,-12.1461047],[-77.0238368,-12.1463592]]]},"properties":{"id":"MZ-BAR-8B8BC78DE8","scene":"mz_8b8bc7","lots":["1138143","1138144","1138145","1138146","1138147","1138148","1138149","1138150","1138151","1138152","1138153","1138186","1138189","1138194","1138195","1138196","1138197","1138214","1138225","1138226","1138227","1138228","1138229"],"lotCount":23,"area_m2":18145.7,"perimeter_m":538.5,"center":[-12.145498,-77.0235917],"groupingValid":true}},{"type":"Feature","geometry":{"type":"Polygon","coordinates":[[[-77.0239535,-12.1446384],[-77.0239991,-12.144144],[-77.0237975,-12.1441251],[-77.0236703,-12.1441162],[-77.0236723,-12.1440881],[-77.0239265,-12.1441116],[-77.0240016,-12.1441174],[-77.0240544,-12.1435426],[-77.023265,-12.1434738],[-77.0232356,-12.1434972],[-77.0231472,-12.1445575],[-77.0231727,-12.1445867],[-77.0239371,-12.1446518],[-77.0239535,-12.1446384]]]},"properties":{"id":"MZ-BAR-652E0BD7CF","scene":"mz_652e0b","lots":["1138154","1138156","1138159","1138160","1138161","1138162","1138163","1138164","1138165","1138166","1138167","1138168","1138169","1138171","1138172","1138173","1138190","1138198","1138199","1138200","1138209","1138210","1138216"],"lotCount":23,"area_m2":10842.3,"perimeter_m":492.1,"center":[-12.1440692,-77.0235969],"groupingValid":true}},{"type":"Feature","geometry":{"type":"Polygon","coordinates":[[[-77.0240223,-12.1446611],[-77.0244273,-12.1446915],[-77.0244435,-12.1446309],[-77.024461,-12.1445602],[-77.0245007,-12.1444215],[-77.0245242,-12.1443332],[-77.0245441,-12.1442754],[-77.0246052,-12.1440756],[-77.0246173,-12.1440433],[-77.0247546,-12.1436034],[-77.024127,-12.1435492],[-77.0240223,-12.1446611]]]},"properties":{"id":"MZ-BAR-E025DCF2B3","scene":"mz_e025dc","lots":["1138155","1138157","1138158","1138170","1138191","1138215"],"lotCount":6,"area_m2":6883.5,"perimeter_m":361.9,"center":[-12.1441737,-77.0243219],"groupingValid":true}},{"type":"Feature","geometry":{"type":"Polygon","coordinates":[[[-77.0247453,-12.1432456],[-77.0250353,-12.1426469],[-77.0250981,-12.1425194],[-77.0250067,-12.1425104],[-77.0246635,-12.1424808],[-77.0244446,-12.1424609],[-77.0244144,-12.1424854],[-77.0243791,-12.1428653],[-77.0243723,-12.1429568],[-77.0243506,-12.1432078],[-77.024637,-12.1432345],[-77.0247453,-12.1432456]]]},"properties":{"id":"MZ-BAR-84237F4FA0","scene":"mz_84237f","lots":["1138174","1138175","1138176","1138177","1138178","1138179","1138184","1138185","1138192","1138211"],"lotCount":10,"area_m2":4904.4,"perimeter_m":288.2,"center":[-12.1427936,-77.0246754],"groupingValid":true}},{"type":"Feature","geometry":{"type":"Polygon","coordinates":[[[-77.0222704,-12.1421175],[-77.0232123,-12.1422126],[-77.0232517,-12.141766],[-77.0232806,-12.1413763],[-77.0232435,-12.141345],[-77.0223078,-12.1412421],[-77.0222907,-12.1412557],[-77.0222463,-12.1417238],[-77.0223098,-12.1417307],[-77.0222704,-12.1421175]]]},"properties":{"id":"MZ-BAR-610FC41439","scene":"mz_610fc4","lots":["1138180","1138181","1138182","1138183","1138188","1138259","1138260","1138319","1138322"],"lotCount":9,"area_m2":10221.1,"perimeter_m":408.1,"center":[-12.1417237,-77.0227666],"groupingValid":true}},{"type":"Feature","geometry":{"type":"Polygon","coordinates":[[[-77.0234755,-12.1487688],[-77.0236215,-12.1484136],[-77.023291,-12.1482415],[-77.0231898,-12.1481897],[-77.0231583,-12.1481995],[-77.0230495,-12.1484223],[-77.0231486,-12.1484748],[-77.0231032,-12.1485585],[-77.0233086,-12.1486712],[-77.0234755,-12.1487688]]]},"properties":{"id":"MZ-BAR-E61CE50B0F","scene":"mz_e61ce5","lots":["1138187","1138213","1138217","1138219","1138220","1138221","1138222","1138223","1138224"],"lotCount":9,"area_m2":2214.4,"perimeter_m":196.0,"center":[-12.148515,-77.0233532],"groupingValid":true}},{"type":"Feature","geometry":{"type":"Polygon","coordinates":[[[-77.0230166,-12.148495],[-77.0230449,-12.1484457],[-77.0231244,-12.1484892],[-77.0230939,-12.1485402],[-77.0230166,-12.148495]]]},"properties":{"id":"MZ-BAR-C3FD6448D7","scene":"mz_c3fd64","lots":["1138218"],"lotCount":1,"area_m2":63.1,"perimeter_m":32.5,"center":[-12.1484921,-77.0230705],"groupingValid":true}},{"type":"Feature","geometry":{"type":"Polygon","coordinates":[[[-77.0214176,-12.1475098],[-77.021559,-12.1468948],[-77.0216278,-12.1465379],[-77.0217114,-12.1458622],[-77.0213082,-12.1459081],[-77.021092,-12.1459447],[-77.0209923,-12.1461217],[-77.0206315,-12.1468089],[-77.020839,-12.1470017],[-77.0209207,-12.1468673],[-77.0208838,-12.1468427],[-77.0210336,-12.1465912],[-77.0209485,-12.1465459],[-77.0209954,-12.1464649],[-77.0208577,-12.1463972],[-77.0208806,-12.1463547],[-77.0210573,-12.1464511],[-77.0211454,-12.1465],[-77.0211955,-12.1464057],[-77.0212304,-12.1464402],[-77.0208737,-12.1470337],[-77.0213953,-12.1475182],[-77.0214176,-12.1475098]]]},"properties":{"id":"MZ-BAR-83A1D833F7","scene":"mz_83a1d8","lots":["1138230","1138231","1138232","1138233","1138234","1138235","1138255","1138283","1138284","1138285","1138286","1138290","1138294","1138295","1138297","1138298","1138299","1138300","1138301","1138302","1138304","1138305","1138306","1138307","1138308","1138309","1138310","1138311","1138312","1138313","1138314","1138315","1138321","1138329","1138330","1138409","1139017"],"lotCount":37,"area_m2":11789.0,"perimeter_m":696.9,"center":[-12.1467013,-77.0213345],"groupingValid":true}},{"type":"Feature","geometry":{"type":"Polygon","coordinates":[[[-77.0228765,-12.1460562],[-77.0229878,-12.1446849],[-77.0220025,-12.1446024],[-77.02198,-12.1446213],[-77.0219545,-12.1449153],[-77.0222578,-12.1449402],[-77.0223828,-12.1449512],[-77.0224514,-12.1449548],[-77.0224534,-12.1449117],[-77.0225342,-12.1449176],[-77.0225302,-12.1449944],[-77.0224341,-12.1449895],[-77.0219515,-12.1449495],[-77.0219315,-12.1451718],[-77.0220483,-12.1451827],[-77.0222371,-12.1451984],[-77.0224637,-12.1452188],[-77.0224734,-12.145105],[-77.0224987,-12.145107],[-77.0224869,-12.1452546],[-77.0219291,-12.1452038],[-77.0218804,-12.1457606],[-77.0219045,-12.1457955],[-77.0228576,-12.1460689],[-77.0228765,-12.1460562]]]},"properties":{"id":"MZ-BAR-4CB62CBCA0","scene":"mz_4cb62c","lots":["1138236","1138237","1138238","1138239","1138240","1138241","1138242","1138243","1138244","1138245","1138246","1138247","1138248","1138249","1138250","1138251","1138252","1138253","1138254","1138258","1138261","1138262","1138263","1138318","1138331","1138332","1138333","1138334","1138335","1138336","1138337","1138338","1138345","1138346","1138367","1138368","1138369","1138370","1138371","1138372","1138373","1138374","1138375","1138376","1138377","1138378","1138379"],"lotCount":47,"area_m2":15237.1,"perimeter_m":788.0,"center":[-12.1453608,-77.0224242],"groupingValid":true}},{"type":"Feature","geometry":{"type":"Polygon","coordinates":[[[-77.0222875,-12.1474503],[-77.0220576,-12.1474194],[-77.021983,-12.1474085],[-77.0218795,-12.1473949],[-77.0218822,-12.1473801],[-77.0218854,-12.1473676],[-77.0220176,-12.1473859],[-77.0222955,-12.1474227],[-77.0223131,-12.1473718],[-77.0223696,-12.1470319],[-77.0223883,-12.146925],[-77.0222641,-12.1468705],[-77.0221227,-12.14681],[-77.0217466,-12.1466461],[-77.0216119,-12.1472012],[-77.0216018,-12.147199],[-77.021532,-12.1475317],[-77.0215392,-12.1475435],[-77.0217331,-12.1475641],[-77.0218995,-12.1475827],[-77.022123,-12.1476059],[-77.0222048,-12.1476176],[-77.0222875,-12.1474503]]]},"properties":{"id":"MZ-BAR-95B4AFB671","scene":"mz_95b4af","lots":["1138256","1138257","1138279","1138281","1138288","1138289","1138292","1138293","1138296","1138316","1138327","1138392","1138394","1138395","1138396","1138397","1138398","1138403","1138404","1138405","1138406","1138410","1138411"],"lotCount":23,"area_m2":6793.7,"perimeter_m":422.3,"center":[-12.1471386,-77.0219894],"groupingValid":true}},{"type":"Feature","geometry":{"type":"Polygon","coordinates":[[[-77.0209893,-12.1489012],[-77.0211901,-12.1482673],[-77.0207268,-12.1481356],[-77.0207622,-12.1480905],[-77.0208059,-12.1481043],[-77.0212082,-12.1482161],[-77.0212647,-12.1480548],[-77.0213632,-12.1477151],[-77.0213851,-12.1476374],[-77.0213763,-12.1476051],[-77.0212326,-12.1474772],[-77.0211441,-12.1474034],[-77.020868,-12.1478135],[-77.0208391,-12.1478074],[-77.0208942,-12.1477216],[-77.0211223,-12.1473869],[-77.020585,-12.1468875],[-77.0203744,-12.1472805],[-77.0202709,-12.1474818],[-77.0203142,-12.1475267],[-77.0202431,-12.1476507],[-77.0205086,-12.147877],[-77.0205576,-12.1479165],[-77.0205315,-12.1479741],[-77.0201899,-12.1476394],[-77.0201454,-12.1477435],[-77.0202065,-12.1480415],[-77.0202343,-12.1481198],[-77.0209509,-12.1488901],[-77.0209893,-12.1489012]]]},"properties":{"id":"MZ-BAR-7C05A7ED41","scene":"mz_7c05a7","lots":["1138264","1138267","1138268","1138269","1138271","1138272","1138273","1138274","1138276","1138277","1138278","1138280","1138282","1138291","1138320","1138324","1138326","1138340","1138341","1138342","1138344","1138347","1138348","1138350","1138351","1138353","1138355","1138356","1138357","1138358","1138359","1138360","1138361","1138363","1138364","1138365","1138366","1138380","1138381","1138383","1138384","1138386","1138387","1138388","1138389","1138390","1138391","1138393","1138399","1138400","1138401","1138402","1138407","1138408"],"lotCount":54,"area_m2":16107.3,"perimeter_m":857.5,"center":[-12.1478941,-77.0209228],"groupingValid":true}},{"type":"Feature","geometry":{"type":"Polygon","coordinates":[[[-77.021864,-12.1484474],[-77.0219153,-12.1482857],[-77.0219495,-12.1481736],[-77.0219423,-12.1480986],[-77.0218387,-12.1476875],[-77.0215148,-12.1476402],[-77.0214825,-12.1476588],[-77.0214371,-12.1478034],[-77.0211798,-12.1486549],[-77.0211852,-12.1486565],[-77.0211269,-12.1488363],[-77.0211248,-12.1488444],[-77.0211253,-12.1488527],[-77.0211293,-12.1488608],[-77.0211358,-12.1488671],[-77.0211441,-12.1488709],[-77.0216328,-12.1490402],[-77.0218479,-12.1484413],[-77.021864,-12.1484474]]]},"properties":{"id":"MZ-BAR-F83B2CC580","scene":"mz_f83b2c","lots":["1138265","1138266","1138270","1138275","1138325","1138339","1138343","1138349","1138352","1138354","1138362","1138382"],"lotCount":12,"area_m2":8656.3,"perimeter_m":396.5,"center":[-12.1483407,-77.0215862],"groupingValid":true}},{"type":"Feature","geometry":{"type":"Polygon","coordinates":[[[-77.02254,-12.1468629],[-77.0226604,-12.1465995],[-77.0228545,-12.1461829],[-77.022835,-12.1461589],[-77.0227149,-12.1461218],[-77.0226935,-12.1461824],[-77.0225225,-12.1461345],[-77.0223013,-12.1467612],[-77.0223087,-12.1467777],[-77.0225229,-12.1468696],[-77.02254,-12.1468629]]]},"properties":{"id":"MZ-BAR-3C7C1E6C37","scene":"mz_3c7c1e","lots":["1138287","1138303","1138317","1138328"],"lotCount":4,"area_m2":2545.6,"perimeter_m":229.1,"center":[-12.1464672,-77.0225637],"groupingValid":true}},{"type":"Feature","geometry":{"type":"Polygon","coordinates":[[[-77.0218991,-12.1462398],[-77.0221838,-12.1463382],[-77.0221818,-12.1463439],[-77.0223012,-12.1463848],[-77.0223209,-12.1464383],[-77.0222691,-12.1465709],[-77.0222739,-12.146572],[-77.0222299,-12.1467079],[-77.0221727,-12.1467298],[-77.0218121,-12.1465754],[-77.0217873,-12.1465247],[-77.0218482,-12.1462627],[-77.0218991,-12.1462398]]]},"properties":{"id":"MZ-BAR-C4E1A70C90","scene":"mz_c4e1a7","lots":["1138323"],"lotCount":1,"area_m2":2067.6,"perimeter_m":177.2,"center":[-12.1464815,-77.0220508],"groupingValid":true}},{"type":"Feature","geometry":{"type":"Polygon","coordinates":[[[-77.0219972,-12.1477951],[-77.0219981,-12.1477861],[-77.0220002,-12.1477773],[-77.0220035,-12.1477689],[-77.0220079,-12.147761],[-77.0220134,-12.1477537],[-77.0220198,-12.1477473],[-77.022027,-12.1477417],[-77.022035,-12.1477371],[-77.0220434,-12.1477337],[-77.0220523,-12.1477314],[-77.0220614,-12.1477302],[-77.0220706,-12.1477303],[-77.0220797,-12.1477316],[-77.0220885,-12.1477341],[-77.0220969,-12.1477378],[-77.0221047,-12.1477425],[-77.0221118,-12.1477482],[-77.0221181,-12.1477548],[-77.0221234,-12.1477621],[-77.0221277,-12.1477702],[-77.0221308,-12.1477786],[-77.0221327,-12.1477875],[-77.0221334,-12.1477965],[-77.0221329,-12.1478055],[-77.0221312,-12.1478144],[-77.0220708,-12.1480027],[-77.0219972,-12.1477951]]]},"properties":{"id":"MZ-BAR-7F5509CE12","scene":"mz_7f5509","lots":["1138385"],"lotCount":1,"area_m2":257.5,"perimeter_m":71.2,"center":[-12.1479109,-77.0220693],"groupingValid":true}},{"type":"Feature","geometry":{"type":"Polygon","coordinates":[[[-77.0204789,-12.1504076],[-77.0208714,-12.1492897],[-77.020958,-12.1490508],[-77.0209337,-12.1489789],[-77.0208955,-12.1489438],[-77.0208212,-12.1488664],[-77.0206826,-12.1487112],[-77.0205795,-12.1488045],[-77.0206678,-12.1489086],[-77.0206378,-12.1489354],[-77.0204217,-12.1486856],[-77.0204505,-12.1486548],[-77.0205545,-12.1487791],[-77.0206543,-12.1486881],[-77.020415,-12.1484429],[-77.0202905,-12.1483139],[-77.0202685,-12.1483214],[-77.0203035,-12.1486222],[-77.020327,-12.148883],[-77.0203349,-12.1491338],[-77.0203297,-12.1494315],[-77.0203229,-12.1495219],[-77.0202985,-12.1499802],[-77.0202639,-12.150229],[-77.0202444,-12.1503233],[-77.0204789,-12.1504076]]]},"properties":{"id":"MZ-BAR-DD555078AB","scene":"mz_dd5550","lots":["1138412","1138413","1138414","1138415","1138416","1138417","1138418","1138419","1138420","1138421","1138422","1138423","1138424","1138425","1138426","1138427","1138428","1138429","1138430","1138431","1138432","1138433","1138434","1138435","1138436","1138437","1138438","1138439","1138440","1138441","1138442","1138443","1139018"],"lotCount":33,"area_m2":9414.7,"perimeter_m":625.3,"center":[-12.1493872,-77.0205841],"groupingValid":true}},{"type":"Feature","geometry":{"type":"Polygon","coordinates":[[[-77.0221917,-12.1430089],[-77.0227211,-12.1430565],[-77.0231307,-12.1430942],[-77.0231908,-12.1423848],[-77.0231814,-12.1423549],[-77.0231537,-12.1423393],[-77.0226433,-12.1422956],[-77.0224647,-12.1422794],[-77.0223274,-12.142268],[-77.0222208,-12.142258],[-77.0222083,-12.1423897],[-77.0221807,-12.142386],[-77.0221711,-12.1425227],[-77.0222363,-12.1425285],[-77.0221917,-12.1430089]]]},"properties":{"id":"MZ-BAR-14136CF4E4","scene":"mz_14136c","lots":["1138444","1138751","1138752","1138753","1138754","1138755","1138756","1138798","1138799","1138842","1138843"],"lotCount":11,"area_m2":8679.0,"perimeter_m":383.7,"center":[-12.1426211,-77.0226993],"groupingValid":true}},{"type":"Feature","geometry":{"type":"Polygon","coordinates":[[[-77.0228477,-12.1411296],[-77.0232746,-12.1411651],[-77.0233034,-12.1411413],[-77.0233431,-12.1406729],[-77.0233514,-12.1405548],[-77.0233312,-12.1405207],[-77.0224373,-12.1404481],[-77.0224167,-12.1404649],[-77.0224045,-12.1406301],[-77.0223925,-12.1407567],[-77.0223659,-12.1410603],[-77.0223968,-12.1410954],[-77.0225935,-12.1411088],[-77.0226848,-12.1411161],[-77.0227945,-12.1411238],[-77.0228477,-12.1411296]]]},"properties":{"id":"MZ-BAR-1C5BE39725","scene":"mz_1c5be3","lots":["1138445","1138472","1138473","1138474","1138477","1138478","1138527","1138547","1138551","1138552","1138757","1138758","1138759","1138760","1138761","1138762","1138800"],"lotCount":17,"area_m2":7302.6,"perimeter_m":341.3,"center":[-12.1408137,-77.0228592],"groupingValid":true}},{"type":"Feature","geometry":{"type":"Polygon","coordinates":[[[-77.0233244,-12.1402797],[-77.0233339,-12.1401689],[-77.0233672,-12.1400201],[-77.0233949,-12.139925],[-77.0234525,-12.1397602],[-77.0234793,-12.1396888],[-77.0235012,-12.1396242],[-77.0235036,-12.1396033],[-77.0234995,-12.1395892],[-77.0234799,-12.1395803],[-77.0234589,-12.1395827],[-77.0232488,-12.1396176],[-77.0229091,-12.1396643],[-77.022812,-12.1396734],[-77.0228129,-12.1396371],[-77.0226017,-12.139643],[-77.0225402,-12.1396921],[-77.022518,-12.1397108],[-77.0224755,-12.1397396],[-77.0224702,-12.139799],[-77.0226856,-12.1398177],[-77.0226835,-12.1398416],[-77.0224675,-12.1398228],[-77.0224571,-12.1399558],[-77.0228391,-12.1399857],[-77.0228965,-12.1399896],[-77.0228947,-12.1400165],[-77.0224541,-12.1399827],[-77.0224221,-12.1403377],[-77.0226501,-12.1403569],[-77.0233633,-12.1404149],[-77.0233752,-12.1402799],[-77.0233244,-12.1402797]]]},"properties":{"id":"MZ-BAR-20338FC4C4","scene":"mz_20338f","lots":["1138446","1138447","1138448","1138449","1138482","1138494","1138502","1138557","1138559","1138763","1138764","1138765","1138766","1138767","1138768","1138769","1138770","1138771","1138772","1138773","1138774","1138859","1138860","1138861","1139019","1139020","1139021","1139022","1139023"],"lotCount":29,"area_m2":8141.7,"perimeter_m":532.6,"center":[-12.1400001,-77.0231346],"groupingValid":true}},{"type":"Feature","geometry":{"type":"Polygon","coordinates":[[[-77.0230058,-12.1445723],[-77.023104,-12.1434783],[-77.0230822,-12.1434526],[-77.0221298,-12.1433665],[-77.0220998,-12.143391],[-77.0220077,-12.1444576],[-77.0220305,-12.1444839],[-77.0230058,-12.1445723]]]},"properties":{"id":"MZ-BAR-35C79EA009","scene":"mz_35c79e","lots":["1138450","1138452","1138575","1138576","1138610","1138618","1138619","1138620","1138621","1138622","1138625","1138626","1138886","1138889","1138890","1138891","1138892","1138893","1138894","1138895","1138896","1138897","1138898","1138899","1139077"],"lotCount":25,"area_m2":13588.0,"perimeter_m":462.5,"center":[-12.143962,-77.0225555],"groupingValid":true}},{"type":"Feature","geometry":{"type":"Polygon","coordinates":[[[-77.0234058,-12.1472763],[-77.023415,-12.1472737],[-77.0234192,-12.1472713],[-77.0234267,-12.1472647],[-77.0234295,-12.1472602],[-77.0237205,-12.1465934],[-77.0237835,-12.1464524],[-77.0229729,-12.1462074],[-77.0226512,-12.1469315],[-77.0226616,-12.1469576],[-77.0229618,-12.1470887],[-77.0233926,-12.1472754],[-77.0233964,-12.1472762],[-77.0234058,-12.1472763]]]},"properties":{"id":"MZ-BAR-9EC49B8F84","scene":"mz_9ec49b","lots":["1138451","1138577","1138578","1138579","1138580","1138581","1138582","1138583","1138584","1138585","1138586","1138587","1138904","1138907","1138908","1138909"],"lotCount":16,"area_m2":8735.5,"perimeter_m":371.9,"center":[-12.1467581,-77.0231885],"groupingValid":true}},{"type":"Feature","geometry":{"type":"Polygon","coordinates":[[[-77.0256303,-12.1399164],[-77.026342,-12.1399654],[-77.0263611,-12.1399483],[-77.0263695,-12.1397353],[-77.0263084,-12.1395838],[-77.0262642,-12.1393972],[-77.0262531,-12.1393018],[-77.0262573,-12.1392068],[-77.0262651,-12.1391062],[-77.0262645,-12.1390656],[-77.0262605,-12.1390255],[-77.0262283,-12.1388331],[-77.0262198,-12.1388004],[-77.0261544,-12.1386625],[-77.0260508,-12.1385141],[-77.0259357,-12.1383574],[-77.0259089,-12.1383519],[-77.0257234,-12.138455],[-77.0255959,-12.1385248],[-77.0253244,-12.1386765],[-77.0253941,-12.1387912],[-77.0254381,-12.1388773],[-77.0254743,-12.1389578],[-77.0255136,-12.1390688],[-77.0255514,-12.1391651],[-77.0255549,-12.1391781],[-77.0256142,-12.13942],[-77.025626,-12.139538],[-77.0256335,-12.1396644],[-77.0256303,-12.1399164]]]},"properties":{"id":"MZ-BAR-885DFA53F4","scene":"mz_885dfa","lots":["1138453","1138454","1138488","1138493","1138506","1138512","1138517","1138520","1138521","1138528","1138532","1138533","1138534","1138535","1138536","1138540","1138548","1138554","1138562","1138568","1138571","1138572"],"lotCount":22,"area_m2":12810.5,"perimeter_m":487.7,"center":[-12.1391498,-77.025904],"groupingValid":true}},{"type":"Feature","geometry":{"type":"Polygon","coordinates":[[[-77.0243646,-12.1423039],[-77.0244379,-12.1414371],[-77.0238434,-12.1413889],[-77.0234599,-12.1413563],[-77.0234212,-12.1413806],[-77.023405,-12.1416175],[-77.0233528,-12.1422268],[-77.0243412,-12.1423183],[-77.0243646,-12.1423039]]]},"properties":{"id":"MZ-BAR-4BF42689BD","scene":"mz_4bf426","lots":["1138455","1138456","1138457","1138458","1138459","1138460","1138461","1138462","1138463","1138522","1138523","1138537","1138541","1138542","1138543","1138546","1138573","1138574"],"lotCount":18,"area_m2":10760.5,"perimeter_m":413.1,"center":[-12.1418027,-77.0238982],"groupingValid":true}},{"type":"Feature","geometry":{"type":"Polygon","coordinates":[[[-77.0252413,-12.1413108],[-77.0253029,-12.1412918],[-77.0254889,-12.1412126],[-77.0256151,-12.1411637],[-77.0256757,-12.1411354],[-77.0257546,-12.1410823],[-77.0257708,-12.1410686],[-77.0258169,-12.1410078],[-77.0258319,-12.1409806],[-77.0258418,-12.1409591],[-77.0258522,-12.1409324],[-77.0258617,-12.1409036],[-77.0258695,-12.1408736],[-77.0258773,-12.1408334],[-77.0258897,-12.1407473],[-77.0258656,-12.1407205],[-77.0253485,-12.1406785],[-77.0253482,-12.1406825],[-77.0246153,-12.1406269],[-77.0245599,-12.1412486],[-77.0245683,-12.1412612],[-77.0248448,-12.141282],[-77.0248597,-12.1410202],[-77.0248872,-12.1410223],[-77.0248723,-12.1412841],[-77.0250078,-12.1412936],[-77.0250317,-12.1410286],[-77.0250452,-12.1410293],[-77.0250213,-12.1412948],[-77.0252413,-12.1413108]]]},"properties":{"id":"MZ-BAR-05C926A1D7","scene":"mz_05c926","lots":["1138464","1138465","1138466","1138467","1138468","1138469","1138470","1138471","1138475","1138476","1138524","1138525","1138526","1138538","1138550","1139120","1139121","1139122"],"lotCount":18,"area_m2":8503.0,"perimeter_m":504.5,"center":[-12.1409744,-77.0252104],"groupingValid":true}},{"type":"Feature","geometry":{"type":"Polygon","coordinates":[[[-77.0245392,-12.1403101],[-77.0245472,-12.140228],[-77.0245599,-12.140046],[-77.0245734,-12.1398685],[-77.0245905,-12.1396927],[-77.0245896,-12.1396843],[-77.0245816,-12.1396194],[-77.0245622,-12.1395224],[-77.0245448,-12.1394587],[-77.0245281,-12.1394113],[-77.0244982,-12.1393342],[-77.0244315,-12.1391991],[-77.0244219,-12.1391918],[-77.024407,-12.1391913],[-77.0243247,-12.1392349],[-77.0242263,-12.1392836],[-77.0242043,-12.1392956],[-77.0241522,-12.1393197],[-77.0241279,-12.1393323],[-77.0241067,-12.1393421],[-77.0239517,-12.1394093],[-77.0238833,-12.1394358],[-77.023848,-12.1394474],[-77.0236492,-12.1400256],[-77.0236332,-12.1400776],[-77.0236184,-12.1401309],[-77.0236145,-12.1401478],[-77.0235715,-12.1404261],[-77.0238846,-12.1404514],[-77.0243054,-12.1404873],[-77.0245059,-12.1405028],[-77.0245256,-12.1404863],[-77.0245392,-12.1403101]]]},"properties":{"id":"MZ-BAR-634D6A46C2","scene":"mz_634d6a","lots":["1138479","1138480","1138481","1138483","1138484","1138485","1138486","1138487","1138490","1138492","1138497","1138500","1138513","1138515","1138544","1138545","1138553","1138558","1138561","1138563","1138564","1138565","1138566"],"lotCount":23,"area_m2":11792.7,"perimeter_m":433.6,"center":[-12.1397969,-77.0241537],"groupingValid":true}},{"type":"Feature","geometry":{"type":"Polygon","coordinates":[[[-77.0254821,-12.1398969],[-77.025485,-12.1397099],[-77.0254816,-12.1396427],[-77.0254722,-12.1395338],[-77.0254564,-12.1394209],[-77.0254172,-12.1392422],[-77.0253908,-12.1391706],[-77.02536,-12.1390793],[-77.0252565,-12.1388643],[-77.0251977,-12.1387568],[-77.0250122,-12.1388627],[-77.0248547,-12.1389508],[-77.0247623,-12.1390035],[-77.0245297,-12.1391402],[-77.0245223,-12.139151],[-77.0245225,-12.1391657],[-77.0245551,-12.1392293],[-77.0245743,-12.1392647],[-77.0245886,-12.1392957],[-77.0246307,-12.1393987],[-77.0246215,-12.1394027],[-77.0246444,-12.1394714],[-77.0248252,-12.139421],[-77.0250397,-12.1393592],[-77.0250518,-12.1394034],[-77.0246543,-12.1395165],[-77.0246669,-12.1395905],[-77.0246819,-12.1397136],[-77.0246768,-12.1398401],[-77.0249411,-12.1398687],[-77.0250592,-12.139878],[-77.0254636,-12.1399134],[-77.0254821,-12.1398969]]]},"properties":{"id":"MZ-BAR-984B6FC0DF","scene":"mz_984b6f","lots":["1138489","1138491","1138495","1138496","1138498","1138499","1138501","1138503","1138504","1138505","1138507","1138508","1138509","1138510","1138511","1138514","1138516","1138518","1138519","1138529","1138530","1138531","1138549","1138555","1138556","1138560","1138567","1138569","1138570"],"lotCount":29,"area_m2":9107.3,"perimeter_m":476.4,"center":[-12.1393472,-77.0250253],"groupingValid":true}},{"type":"Feature","geometry":{"type":"Polygon","coordinates":[[[-77.0235071,-12.1405419],[-77.0244748,-12.140619],[-77.0244918,-12.1406386],[-77.0244529,-12.1411484],[-77.0244452,-12.1412338],[-77.0244253,-12.1412503],[-77.0243431,-12.1412447],[-77.0234349,-12.1411689],[-77.0234871,-12.1405584],[-77.0235071,-12.1405419]]]},"properties":{"id":"MZ-BAR-22767764BF","scene":"mz_227677","lots":["1138539"],"lotCount":1,"area_m2":7693.9,"perimeter_m":356.3,"center":[-12.1408972,-77.0239651],"groupingValid":true}},{"type":"Feature","geometry":{"type":"Polygon","coordinates":[[[-77.0217291,-12.1457629],[-77.0217412,-12.1453171],[-77.0217727,-12.1449265],[-77.021804,-12.1445844],[-77.0214087,-12.1442473],[-77.0213854,-12.1442491],[-77.0212202,-12.1444414],[-77.020899,-12.1448177],[-77.0206321,-12.1451278],[-77.0206321,-12.1451486],[-77.0212175,-12.1458378],[-77.0217291,-12.1457629]]]},"properties":{"id":"MZ-BAR-62D8B6466D","scene":"mz_62d8b6","lots":["1138609","1138615","1138616","1138617","1138623","1138627","1138630","1138631","1138880","1138882","1138883","1138884","1138885","1138887","1138888","1138901"],"lotCount":16,"area_m2":14262.1,"perimeter_m":475.4,"center":[-12.1450813,-77.0212145],"groupingValid":true}},{"type":"Feature","geometry":{"type":"Polygon","coordinates":[[[-77.0200164,-12.1465292],[-77.0197365,-12.1462041],[-77.0196837,-12.146197],[-77.0196082,-12.1462513],[-77.019772,-12.1467044],[-77.0200164,-12.1465292]]]},"properties":{"id":"MZ-BAR-E17982E7E4","scene":"mz_e17982","lots":["1138611","1138875","1138905","1138906","1138910","1138911","1138912","1138913"],"lotCount":8,"area_m2":1191.0,"perimeter_m":149.2,"center":[-12.1464543,-77.0198165],"groupingValid":true}},{"type":"Feature","geometry":{"type":"Polygon","coordinates":[[[-77.0197031,-12.1460645],[-77.0200471,-12.1456632],[-77.019509,-12.1449616],[-77.0192599,-12.145269],[-77.0193428,-12.1454859],[-77.0195823,-12.1459287],[-77.0197031,-12.1460645]]]},"properties":{"id":"MZ-BAR-0BC2384194","scene":"mz_0bc238","lots":["1138612","1138613","1138614","1138624","1138628","1138629","1138876","1138877","1138878","1138879","1138881","1138900","1138902","1138903","1139106"],"lotCount":15,"area_m2":5077.3,"perimeter_m":299.9,"center":[-12.1455178,-77.0196476],"groupingValid":true}},{"type":"Feature","geometry":{"type":"Polygon","coordinates":[[[-77.0232865,-12.1431293],[-77.0242217,-12.1432083],[-77.0242487,-12.1432042],[-77.024264,-12.1431843],[-77.0243235,-12.1424787],[-77.0243053,-12.1424582],[-77.0234514,-12.1423847],[-77.0233095,-12.1423733],[-77.0232593,-12.1430995],[-77.0232672,-12.1431193],[-77.0232865,-12.1431293]]]},"properties":{"id":"MZ-BAR-D66792329D","scene":"mz_d66792","lots":["1138632","1138633","1138634","1138635","1138636","1138637","1138638","1138639","1138640","1138641","1138642","1138643","1138644","1138645","1138646"],"lotCount":15,"area_m2":9208.8,"perimeter_m":383.3,"center":[-12.1429285,-77.0237783],"groupingValid":true}},{"type":"Feature","geometry":{"type":"Polygon","coordinates":[[[-77.0246264,-12.1405195],[-77.0258836,-12.1406114],[-77.0258904,-12.1406108],[-77.0258982,-12.1406079],[-77.0259047,-12.1406028],[-77.0259153,-12.1405925],[-77.0259232,-12.1405812],[-77.025937,-12.1405421],[-77.0259429,-12.1405273],[-77.0259829,-12.1404644],[-77.0260233,-12.1404132],[-77.0260782,-12.1403535],[-77.0261606,-12.140275],[-77.0262529,-12.140176],[-77.0262671,-12.1401578],[-77.026278,-12.140139],[-77.0262618,-12.1401076],[-77.0246708,-12.1399684],[-77.0246264,-12.1405195]]]},"properties":{"id":"MZ-BAR-00D60B08AD","scene":"mz_00d60b","lots":["1138647","1138648","1138649","1138650","1138651","1138652","1138653","1138654","1138655","1138656","1138657","1138658"],"lotCount":12,"area_m2":9415.4,"perimeter_m":444.8,"center":[-12.1403196,-77.0253807],"groupingValid":true}},{"type":"Feature","geometry":{"type":"Polygon","coordinates":[[[-77.0180476,-12.1420285],[-77.0180538,-12.1420115],[-77.0180619,-12.1419953],[-77.0180667,-12.1419875],[-77.0180774,-12.1419729],[-77.0180897,-12.1419595],[-77.0181035,-12.1419475],[-77.0181186,-12.1419372],[-77.0181347,-12.1419285],[-77.0181431,-12.1419249],[-77.0181605,-12.141919],[-77.0181784,-12.1419151],[-77.0181966,-12.1419131],[-77.018215,-12.1419132],[-77.0182332,-12.1419152],[-77.0182515,-12.1419194],[-77.0182591,-12.1419234],[-77.0182564,-12.1419337],[-77.0182149,-12.1419776],[-77.0181734,-12.1420259],[-77.0181344,-12.1420761],[-77.0180978,-12.1421282],[-77.0180913,-12.1421343],[-77.0180823,-12.1421349],[-77.0180701,-12.1421282],[-77.0180628,-12.1421227],[-77.0180562,-12.1421164],[-77.0180505,-12.1421094],[-77.018046,-12.1421025],[-77.0180434,-12.1420939],[-77.0180409,-12.142082],[-77.0180407,-12.142073],[-77.0180411,-12.142064],[-77.0180433,-12.142046],[-77.0180476,-12.1420285]]]},"properties":{"id":"MZ-BAR-F3B8FB92C9","scene":"mz_f3b8fb","lots":["1138659"],"lotCount":1,"area_m2":287.0,"perimeter_m":73.5,"center":[-12.1420229,-77.0181128],"groupingValid":true}},{"type":"Feature","geometry":{"type":"Polygon","coordinates":[[[-77.0192836,-12.1431308],[-77.0197866,-12.1429497],[-77.0198768,-12.1428553],[-77.0196881,-12.142341],[-77.0190703,-12.1425612],[-77.0192836,-12.1431308]]]},"properties":{"id":"MZ-BAR-040D36861D","scene":"mz_040d36","lots":["1138660","1138661","1138662","1138663","1138664","1138665","1138666","1138667","1138668","1138670","1138671","1138674","1138917","1138918","1138920","1138921","1138926","1138932","1138933","1138934","1138980","1138982"],"lotCount":22,"area_m2":4740.1,"perimeter_m":271.9,"center":[-12.1427724,-77.0194979],"groupingValid":true}},{"type":"Feature","geometry":{"type":"Polygon","coordinates":[[[-77.0182928,-12.1427497],[-77.0185857,-12.1426408],[-77.0183194,-12.1419259],[-77.0182919,-12.141944],[-77.0182703,-12.1419607],[-77.0182433,-12.1419852],[-77.0182246,-12.1420051],[-77.0182073,-12.1420263],[-77.0181867,-12.1420562],[-77.0181731,-12.1420797],[-77.0181612,-12.1421042],[-77.018151,-12.1421294],[-77.0181402,-12.1421639],[-77.0181342,-12.1421904],[-77.0181292,-12.1422262],[-77.0181276,-12.1422532],[-77.0181279,-12.1422803],[-77.0181301,-12.1423074],[-77.0181359,-12.142343],[-77.0182928,-12.1427497]]]},"properties":{"id":"MZ-BAR-95BAC6AFF8","scene":"mz_95bac6","lots":["1138669","1138672","1138673","1138675","1138919","1138922","1138925","1138930","1138981","1138983","1138986","1138988","1138992","1138994","1138996","1138999"],"lotCount":16,"area_m2":2550.9,"perimeter_m":220.1,"center":[-12.1423379,-77.0183038],"groupingValid":true}},{"type":"Feature","geometry":{"type":"Polygon","coordinates":[[[-77.0214551,-12.1440281],[-77.0218996,-12.1435075],[-77.0219535,-12.1429365],[-77.021239,-12.1428915],[-77.0212001,-12.1429053],[-77.0206884,-12.1435282],[-77.0210394,-12.1438225],[-77.0212765,-12.1435457],[-77.0213958,-12.1433998],[-77.0214561,-12.1433276],[-77.0215053,-12.1433736],[-77.0215374,-12.1434012],[-77.0215094,-12.1434349],[-77.0214431,-12.1433789],[-77.0213609,-12.1434732],[-77.021318,-12.1435238],[-77.0212269,-12.1436273],[-77.0212374,-12.1436367],[-77.0210616,-12.1438422],[-77.0212996,-12.14404],[-77.0213751,-12.1441061],[-77.0213857,-12.144105],[-77.0214551,-12.1440281]]]},"properties":{"id":"MZ-BAR-9B8A6EA26F","scene":"mz_9b8a6e","lots":["1138687","1138690","1138695","1138697","1138698","1138700","1138703","1138704","1138706","1138707","1138708","1138709","1138710","1138711","1138713","1138716","1138719","1138721","1138726","1138728","1138738","1138745","1138746","1138747","1138748","1138749","1138832","1138833","1138834","1138838","1138840","1138844","1138847","1138848","1138856","1138857","1138858","1138864","1138865","1139102","1139103"],"lotCount":41,"area_m2":11258.7,"perimeter_m":582.3,"center":[-12.1434948,-77.021017],"groupingValid":true}},{"type":"Feature","geometry":{"type":"Polygon","coordinates":[[[-77.0200954,-12.1456099],[-77.0204997,-12.1451372],[-77.0202854,-12.1449513],[-77.0199179,-12.1453902],[-77.0200046,-12.145502],[-77.0200954,-12.1456099]]]},"properties":{"id":"MZ-BAR-5431561EA3","scene":"mz_543156","lots":["1138779","1138780","1138820","1138821","1138862","1138869","1138871","1138872","1138873","1138874","1139141"],"lotCount":11,"area_m2":2023.5,"perimeter_m":193.5,"center":[-12.1452584,-77.0202122],"groupingValid":true}},{"type":"Feature","geometry":{"type":"Polygon","coordinates":[[[-77.01904,-12.1424788],[-77.0196572,-12.1422546],[-77.0194576,-12.1417171],[-77.0187966,-12.1418377],[-77.01904,-12.1424788]]]},"properties":{"id":"MZ-BAR-C7949A8DF3","scene":"mz_c7949a","lots":["1138914","1138915","1138916","1138923","1138924","1138927","1138928","1138929","1138931","1138984","1138985","1138987","1138989","1138990","1138991","1138993","1138995","1138997","1138998","1139000","1139001","1139099"],"lotCount":22,"area_m2":4998.3,"perimeter_m":283.8,"center":[-12.1420872,-77.0192432],"groupingValid":true}},{"type":"Feature","geometry":{"type":"Polygon","coordinates":[[[-77.0185421,-12.1434036],[-77.0191983,-12.1431683],[-77.0189817,-12.1425946],[-77.0183252,-12.1428304],[-77.0185421,-12.1434036]]]},"properties":{"id":"MZ-BAR-03D94F1B5D","scene":"mz_03d94f","lots":["1138935","1138936","1138937","1138938","1138939","1138940","1138941","1138942","1138943","1138944","1138945","1138946","1138947","1138948","1138949","1138950","1138951","1138952","1138954","1138955","1138959","1138960","1138975","1138976","1138977","1139031","1139032","1139034","1139035","1139100"],"lotCount":30,"area_m2":5148.2,"perimeter_m":287.5,"center":[-12.1429998,-77.018762],"groupingValid":true}},{"type":"Feature","geometry":{"type":"Polygon","coordinates":[[[-77.020498,-12.1427431],[-77.020865,-12.1427665],[-77.0208783,-12.1427509],[-77.0207318,-12.1422065],[-77.0199611,-12.1422884],[-77.0198748,-12.1423003],[-77.0197948,-12.1423124],[-77.0197822,-12.1423334],[-77.0198866,-12.1426109],[-77.020075,-12.1425836],[-77.0200784,-12.1425954],[-77.0198924,-12.1426253],[-77.0199572,-12.1427974],[-77.0202596,-12.1427342],[-77.0204109,-12.142737],[-77.0204861,-12.1427421],[-77.0204309,-12.1424618],[-77.0204436,-12.14246],[-77.020498,-12.1427431]]]},"properties":{"id":"MZ-BAR-2250BAA225","scene":"mz_2250ba","lots":["1138953","1138956","1138957","1138958","1138961","1138962","1138963","1138964","1138965","1138966","1138967","1138968","1138969","1138970","1138971","1138972","1138973","1138974","1138978","1138979","1139026","1139027","1139028","1139029","1139030","1139033","1139091","1139092","1139093","1139094","1139095","1139096","1139097","1139098"],"lotCount":34,"area_m2":5693.4,"perimeter_m":428.8,"center":[-12.142498,-77.0201413],"groupingValid":true}},{"type":"Feature","geometry":{"type":"Polygon","coordinates":[[[-77.0237982,-12.1496189],[-77.0239062,-12.1494323],[-77.0236786,-12.1492843],[-77.023638,-12.1492704],[-77.0234833,-12.1491699],[-77.0234014,-12.1492899],[-77.0233601,-12.1492512],[-77.0234487,-12.1491492],[-77.0231544,-12.1489492],[-77.0231484,-12.1489549],[-77.0230148,-12.1488536],[-77.0228525,-12.1490271],[-77.0229843,-12.1491411],[-77.022968,-12.149159],[-77.0231797,-12.1493297],[-77.0231551,-12.1493569],[-77.0231714,-12.1493693],[-77.0232811,-12.1494583],[-77.0234781,-12.1496262],[-77.0235908,-12.1494768],[-77.0237982,-12.1496189]]]},"properties":{"id":"MZ-BAR-FEF4F6B907","scene":"mz_fef4f6","lots":["1139036","1139037","1139038","1139039","1139040","1139041","1139042","1139043","1139044","1139045"],"lotCount":10,"area_m2":3755.0,"perimeter_m":349.5,"center":[-12.1492315,-77.0232188],"groupingValid":true}},{"type":"Feature","geometry":{"type":"Polygon","coordinates":[[[-77.0201691,-12.1501984],[-77.0201717,-12.1501979],[-77.020174,-12.1501983],[-77.0201774,-12.1502012],[-77.0201717,-12.1502304],[-77.0201694,-12.1502322],[-77.0201663,-12.1502328],[-77.0201638,-12.150232],[-77.0201691,-12.1501984]]]},"properties":{"id":"MZ-BAR-ACA10B96BF","scene":"mz_aca10b","lots":["1139046"],"lotCount":1,"area_m2":3.3,"perimeter_m":9.1,"center":[-12.1502158,-77.0201704],"groupingValid":true}},{"type":"Feature","geometry":{"type":"Polygon","coordinates":[[[-77.023684,-12.1491929],[-77.023729,-12.1491135],[-77.0237639,-12.1491333],[-77.0238361,-12.1490073],[-77.0237367,-12.1489533],[-77.0237644,-12.1489051],[-77.0237823,-12.1489203],[-77.0237991,-12.1489268],[-77.0238258,-12.1489289],[-77.0238476,-12.1489372],[-77.0238733,-12.1489523],[-77.0238986,-12.14896],[-77.0239343,-12.1489671],[-77.0239526,-12.1489602],[-77.0239695,-12.1489601],[-77.0239834,-12.1489165],[-77.0239221,-12.1488498],[-77.0238617,-12.1487789],[-77.0238362,-12.1487469],[-77.0238233,-12.1487165],[-77.0237946,-12.1486689],[-77.0237934,-12.1486468],[-77.0237932,-12.1486237],[-77.0237855,-12.1485902],[-77.0237628,-12.1485557],[-77.0237807,-12.1485231],[-77.0237411,-12.1485066],[-77.0237582,-12.1484621],[-77.0236858,-12.1484229],[-77.0236554,-12.1484345],[-77.0236231,-12.148509],[-77.023514,-12.1487736],[-77.023657,-12.1488561],[-77.0236262,-12.1489253],[-77.0235234,-12.1491051],[-77.023684,-12.1491929]]]},"properties":{"id":"MZ-BAR-7F771918D7","scene":"mz_7f7719","lots":["1139050","1139053","1139054","1139055"],"lotCount":4,"area_m2":2038.6,"perimeter_m":262.3,"center":[-12.1488154,-77.0237402],"groupingValid":true}},{"type":"Feature","geometry":{"type":"Polygon","coordinates":[[[-77.0247184,-12.1535882],[-77.0249094,-12.1541233],[-77.0250388,-12.1544988],[-77.0252239,-12.1554965],[-77.0254178,-12.1555027],[-77.0253789,-12.1553836],[-77.0253211,-12.1552997],[-77.0252437,-12.1551504],[-77.0252071,-12.1550242],[-77.0251649,-12.1548424],[-77.0251269,-12.1545996],[-77.0250711,-12.1544044],[-77.0249963,-12.1541046],[-77.0248733,-12.1537884],[-77.0248563,-12.1535277],[-77.0248969,-12.1532916],[-77.0249273,-12.1529298],[-77.0250272,-12.1525941],[-77.0251752,-12.1522284],[-77.0253186,-12.1520614],[-77.0253653,-12.1518595],[-77.0249305,-12.1517678],[-77.0248578,-12.151718],[-77.0247914,-12.1517007],[-77.0247473,-12.1520341],[-77.0246728,-12.1522929],[-77.0245841,-12.1525855],[-77.0245672,-12.1527486],[-77.0245622,-12.1528761],[-77.0245757,-12.1530687],[-77.0246198,-12.1532955],[-77.0247184,-12.1535882]]]},"properties":{"id":"MZ-BAR-D2B093C00C","scene":"mz_d2b093","lots":["1139065","1139153","1139154","1139155"],"lotCount":4,"area_m2":10923.1,"perimeter_m":944.4,"center":[-12.1536882,-77.0248105],"groupingValid":true}},{"type":"Feature","geometry":{"type":"Polygon","coordinates":[[[-77.0247308,-12.1509576],[-77.0248019,-12.1508984],[-77.0247641,-12.1506368],[-77.024793,-12.1505621],[-77.0247963,-12.1504482],[-77.0247893,-12.1503468],[-77.0247989,-12.1502329],[-77.0248224,-12.1499906],[-77.024853,-12.1498661],[-77.0248426,-12.1495918],[-77.0248402,-12.1492668],[-77.0248981,-12.1488566],[-77.0249259,-12.1486349],[-77.0249506,-12.1485602],[-77.0249861,-12.1485289],[-77.0250091,-12.1485039],[-77.0250253,-12.1484231],[-77.0249514,-12.1483967],[-77.0248142,-12.1483459],[-77.0247843,-12.1483986],[-77.0247134,-12.1485481],[-77.0246091,-12.1488533],[-77.0245314,-12.14915],[-77.0245223,-12.1493492],[-77.0245209,-12.1495143],[-77.0245357,-12.1497159],[-77.0246139,-12.1501701],[-77.0247308,-12.1509576]]]},"properties":{"id":"MZ-BAR-45FDCCB355","scene":"mz_45fdcc","lots":["1139066","1139149","1139150","1139151","1139152"],"lotCount":5,"area_m2":7231.6,"perimeter_m":610.1,"center":[-12.1496538,-77.0246881],"groupingValid":true}},{"type":"Feature","geometry":{"type":"Polygon","coordinates":[[[-77.0235025,-12.1394638],[-77.0235207,-12.1394612],[-77.023539,-12.1394615],[-77.0235571,-12.1394647],[-77.0235744,-12.1394706],[-77.0235906,-12.1394792],[-77.0236051,-12.1394902],[-77.0236177,-12.1395033],[-77.0236277,-12.1395176],[-77.023545,-12.1395608],[-77.0235377,-12.1395529],[-77.0235304,-12.1395475],[-77.0235223,-12.1395433],[-77.0235135,-12.1395406],[-77.0235044,-12.1395394],[-77.0235025,-12.1394638]]]},"properties":{"id":"MZ-BAR-1DEB2EB8AE","scene":"mz_1deb2e","lots":["1139068"],"lotCount":1,"area_m2":100.4,"perimeter_m":39.6,"center":[-12.1395074,-77.0235621],"groupingValid":true}},{"type":"Feature","geometry":{"type":"Polygon","coordinates":[[[-77.0236296,-12.1395246],[-77.0236311,-12.1395335],[-77.0236322,-12.1395516],[-77.0236319,-12.1395606],[-77.0236294,-12.1395785],[-77.0236246,-12.1395959],[-77.0236213,-12.1396044],[-77.0236126,-12.1396215],[-77.0235356,-12.1396219],[-77.0235402,-12.1396166],[-77.023545,-12.139609],[-77.0235485,-12.1396006],[-77.0235505,-12.1395918],[-77.023551,-12.1395828],[-77.02355,-12.1395738],[-77.0235475,-12.1395651],[-77.0236296,-12.1395246]]]},"properties":{"id":"MZ-BAR-2F3B520153","scene":"mz_2f3b52","lots":["1139069"],"lotCount":1,"area_m2":73.4,"perimeter_m":36.3,"center":[-12.1395717,-77.0235901],"groupingValid":true}},{"type":"Feature","geometry":{"type":"Polygon","coordinates":[[[-77.0257427,-12.1444628],[-77.0256965,-12.1446969],[-77.0256935,-12.1447491],[-77.0257074,-12.1447792],[-77.0257046,-12.1448499],[-77.0257728,-12.1448532],[-77.025812,-12.1448544],[-77.0258324,-12.1447607],[-77.0258426,-12.1446019],[-77.0258594,-12.1445321],[-77.0258435,-12.1445208],[-77.0258789,-12.1443842],[-77.0258919,-12.1443526],[-77.0259244,-12.1442802],[-77.0260608,-12.1440184],[-77.0260929,-12.1439638],[-77.02613,-12.1439144],[-77.0261764,-12.143858],[-77.0262021,-12.1438323],[-77.026344,-12.1436756],[-77.0263596,-12.1436768],[-77.0263709,-12.14367],[-77.0264099,-12.1436213],[-77.0264376,-12.1435604],[-77.0264627,-12.1435178],[-77.0265226,-12.1434468],[-77.0265746,-12.143392],[-77.0266029,-12.1433581],[-77.0266664,-12.1432382],[-77.0267437,-12.1431592],[-77.0267851,-12.1431084],[-77.0268497,-12.1429851],[-77.0269423,-12.142888],[-77.0270382,-12.1427294],[-77.0270683,-12.1426857],[-77.0271371,-12.1426141],[-77.0271905,-12.1425389],[-77.0272649,-12.1424087],[-77.0273106,-12.142369],[-77.0273575,-12.1423161],[-77.0273869,-12.1422647],[-77.0274169,-12.1422012],[-77.0274649,-12.1421365],[-77.0275084,-12.1420965],[-77.0275382,-12.1420623],[-77.0275852,-12.1419862],[-77.0276062,-12.141938],[-77.027638,-12.14189],[-77.0277017,-12.1418251],[-77.0277229,-12.1418053],[-77.0277646,-12.1417289],[-77.02774,-12.1417093],[-77.027713,-12.1416949],[-77.0276534,-12.1416715],[-77.0276465,-12.141645],[-77.0276274,-12.1416226],[-77.0276058,-12.1416175],[-77.0275856,-12.1416163],[-77.0275614,-12.1416218],[-77.0272162,-12.1414395],[-77.0271365,-12.1415216],[-77.0268144,-12.1419485],[-77.026701,-12.142112],[-77.0265939,-12.1422869],[-77.0265257,-12.142421],[-77.0264999,-12.1424801],[-77.0264763,-12.1425415],[-77.0264241,-12.1426918],[-77.0263926,-12.1427987],[-77.0262187,-12.1433114],[-77.0261274,-12.1435463],[-77.0260526,-12.1436642],[-77.0260253,-12.1437323],[-77.0260218,-12.1437726],[-77.0260061,-12.1438001],[-77.0260083,-12.143869],[-77.026,-12.1439027],[-77.0259697,-12.1439651],[-77.0259039,-12.1440783],[-77.0258398,-12.1441948],[-77.0257661,-12.1443937],[-77.0257427,-12.1444628]]]},"properties":{"id":"MZ-BAR-F9B17F7C0F","scene":"mz_f9b17f","lots":["1139080","1139081","1139082","1139116","1139117","1139148"],"lotCount":6,"area_m2":17709.6,"perimeter_m":917.0,"center":[-12.1431356,-77.0265211],"groupingValid":true}},{"type":"Feature","geometry":{"type":"Polygon","coordinates":[[[-77.02504,-12.1567531],[-77.0249922,-12.1559643],[-77.0249224,-12.1553776],[-77.0249148,-12.1549443],[-77.0248948,-12.1546956],[-77.0248512,-12.1544758],[-77.024809,-12.1543572],[-77.0247384,-12.1541123],[-77.0245477,-12.1535924],[-77.0242943,-12.1536517],[-77.0242014,-12.153692],[-77.0242046,-12.1537179],[-77.0242579,-12.153833],[-77.0243803,-12.1543726],[-77.0243149,-12.1543536],[-77.0242888,-12.1544058],[-77.0242799,-12.1544701],[-77.0242944,-12.1546596],[-77.0243202,-12.1546626],[-77.0243496,-12.1553083],[-77.024465,-12.1553764],[-77.0245115,-12.1554663],[-77.0244615,-12.1556254],[-77.0243556,-12.1557215],[-77.0244014,-12.1557893],[-77.0243893,-12.1558286],[-77.02431,-12.1559433],[-77.0243321,-12.1559874],[-77.0244235,-12.1562523],[-77.0244717,-12.1564852],[-77.0244639,-12.1566004],[-77.0244725,-12.1566856],[-77.0244862,-12.1567444],[-77.0244737,-12.1568653],[-77.0250203,-12.1568989],[-77.02504,-12.1567531]]]},"properties":{"id":"MZ-BAR-848855CC73","scene":"mz_848855","lots":["1139123","1139127","1139128"],"lotCount":3,"area_m2":20709.4,"perimeter_m":860.0,"center":[-12.1551263,-77.0246297],"groupingValid":true}},{"type":"Feature","geometry":{"type":"Polygon","coordinates":[[[-77.0252079,-12.1571919],[-77.0252079,-12.1576615],[-77.0252259,-12.157826],[-77.0252363,-12.1578721],[-77.0252967,-12.1578848],[-77.0253137,-12.1579176],[-77.0253011,-12.1580165],[-77.0254848,-12.1588386],[-77.025572,-12.15916],[-77.0267331,-12.1589158],[-77.0264679,-12.1587378],[-77.0263738,-12.1585892],[-77.0262836,-12.1584451],[-77.0262039,-12.158321],[-77.026151,-12.158121],[-77.026134,-12.1579073],[-77.026163,-12.1574579],[-77.0261967,-12.1568627],[-77.0263265,-12.1558976],[-77.0263218,-12.1557254],[-77.0262778,-12.1556063],[-77.0253141,-12.1555579],[-77.0252571,-12.1555583],[-77.0252748,-12.1558442],[-77.0252811,-12.1562428],[-77.025248,-12.1567338],[-77.0252079,-12.1571919]]]},"properties":{"id":"MZ-BAR-1EC65725C5","scene":"mz_1ec657","lots":["1139124","1139156"],"lotCount":2,"area_m2":40450.2,"perimeter_m":1041.3,"center":[-12.1573249,-77.0256893],"groupingValid":true}},{"type":"Feature","geometry":{"type":"Polygon","coordinates":[[[-77.0256308,-12.1445021],[-77.0256615,-12.1443549],[-77.0257169,-12.1441935],[-77.0259288,-12.1437886],[-77.0259376,-12.1437836],[-77.0259458,-12.1437835],[-77.0259518,-12.1437878],[-77.0259546,-12.1437947],[-77.0259536,-12.1438055],[-77.025874,-12.1439579],[-77.0258035,-12.1440888],[-77.025777,-12.1441505],[-77.0257444,-12.14423],[-77.0257214,-12.1442938],[-77.0257006,-12.1443652],[-77.0256695,-12.14451],[-77.0256597,-12.1445191],[-77.0256482,-12.1445192],[-77.0256336,-12.1445118],[-77.0256308,-12.1445021]]]},"properties":{"id":"MZ-BAR-B771A7A4E5","scene":"mz_b771a7","lots":["1139157"],"lotCount":1,"area_m2":324.8,"perimeter_m":180.6,"center":[-12.144172,-77.0257482],"groupingValid":true}},{"type":"Feature","geometry":{"type":"Polygon","coordinates":[[[-77.0256309,-12.1451749],[-77.0255966,-12.1450187],[-77.0255747,-12.1448563],[-77.0255769,-12.1447242],[-77.0255925,-12.1446393],[-77.0256134,-12.1445617],[-77.0256236,-12.1445556],[-77.0256354,-12.1445568],[-77.025642,-12.1445619],[-77.0256447,-12.1445735],[-77.0256243,-12.1446477],[-77.0256041,-12.1447475],[-77.0256047,-12.1448273],[-77.0256169,-12.1448761],[-77.0256415,-12.1449472],[-77.0256687,-12.1451279],[-77.0256689,-12.1451533],[-77.0256659,-12.1451645],[-77.0256608,-12.1451727],[-77.0256495,-12.1451778],[-77.0256392,-12.1451789],[-77.0256309,-12.1451749]]]},"properties":{"id":"MZ-BAR-15EAE6B8FF","scene":"mz_15eae6","lots":["1139158"],"lotCount":1,"area_m2":303.3,"perimeter_m":145.0,"center":[-12.1448662,-77.0255952],"groupingValid":true}},{"type":"Feature","geometry":{"type":"Polygon","coordinates":[[[-77.0256834,-12.145295],[-77.0256815,-12.145277],[-77.0256822,-12.1452589],[-77.0256836,-12.14525],[-77.0256882,-12.1452308],[-77.0256934,-12.1452042],[-77.0256986,-12.1451684],[-77.0257019,-12.1451324],[-77.0257032,-12.1450872],[-77.025702,-12.1450511],[-77.0256988,-12.1450151],[-77.0256889,-12.1449382],[-77.0256802,-12.1448799],[-77.0258115,-12.144883],[-77.025793,-12.1449891],[-77.0257777,-12.1451263],[-77.0257501,-12.1452836],[-77.0257442,-12.1452826],[-77.0257351,-12.1452827],[-77.0257261,-12.1452845],[-77.0257177,-12.1452882],[-77.0257025,-12.1452981],[-77.0256934,-12.145299],[-77.0256834,-12.145295]]]},"properties":{"id":"MZ-BAR-6F271B5156","scene":"mz_6f271b","lots":["1139159"],"lotCount":1,"area_m2":427.8,"perimeter_m":113.2,"center":[-12.1450914,-77.0257424],"groupingValid":true}},{"type":"Feature","geometry":{"type":"Polygon","coordinates":[[[-77.0247302,-12.1483803],[-77.02473,-12.148356],[-77.024884,-12.1477306],[-77.0250328,-12.147203],[-77.0251518,-12.1468494],[-77.0254792,-12.145948],[-77.0255702,-12.1457011],[-77.0256127,-12.1455913],[-77.0256387,-12.1454857],[-77.0256485,-12.1454188],[-77.0256494,-12.145387],[-77.0256523,-12.1453813],[-77.0256554,-12.1453784],[-77.0256602,-12.1453762],[-77.0256649,-12.1453756],[-77.0256693,-12.1453764],[-77.0257055,-12.1453917],[-77.0258056,-12.1454102],[-77.0258263,-12.1454197],[-77.0258492,-12.1454366],[-77.0258603,-12.1454632],[-77.0258594,-12.1454899],[-77.0256831,-12.1458724],[-77.0253386,-12.1465955],[-77.0252727,-12.1467552],[-77.0251392,-12.1470987],[-77.0250931,-12.1472653],[-77.0249184,-12.1478746],[-77.0247956,-12.1483109],[-77.0247732,-12.1483455],[-77.0247508,-12.1483781],[-77.0247302,-12.1483803]]]},"properties":{"id":"MZ-BAR-EC0931B8C0","scene":"mz_ec0931","lots":["1139160"],"lotCount":1,"area_m2":3876.1,"perimeter_m":721.5,"center":[-12.1469741,-77.0251488],"groupingValid":true}},{"type":"Feature","geometry":{"type":"Polygon","coordinates":[[[-77.0245925,-12.1366049],[-77.0246745,-12.1365535],[-77.0247001,-12.13657],[-77.0246793,-12.1365925],[-77.0244946,-12.1372435],[-77.0244496,-12.1371932],[-77.0244321,-12.13717],[-77.0245925,-12.1366049]]]},"properties":{"id":"MZ-BAR-582522F9AE","scene":"mz_582522","lots":["1139161"],"lotCount":1,"area_m2":636.6,"perimeter_m":167.6,"center":[-12.1369842,-77.0245266],"groupingValid":true}}]}